HGNC Symbol	Number of Databases Confirmed
1	FUCA2	4
2	SEMA3F	3
3	HSPB6	3
4	CCL26	3
5	PRSS21	3
6	CX3CL1	3
7	SPATA20	4
8	PGLYRP1	3
9	CPA1	4
10	HEBP1	3
11	DNASE1L1	3
12	MYOC	3
13	ZPBP	3
14	DCN	4
15	GRN	4
16	UTS2	4
17	TLL1	4
18	CBLN4	3
19	CA11	4
20	KLK14	4
21	PRSS22	3
22	TNFRSF1A	3
23	PRLH	3
24	FSTL3	3
25	VASH1	3
26	SPP2	3
27	FGF4	4
28	ST6GAL1	3
29	BPIFB2	4
30	IL4R	3
31	NTN1	4
32	SCT	4
33	FGF20	3
34	CPB2	3
35	FAP	3
36	WISP2	4
37	CETP	4
38	CHRD	4
39	THPO	4
40	LAMB4	4
41	APOH	3
42	CCDC80	4
43	UNC13D	3
44	SEMA4G	3
45	TPSD1	4
46	TGFBR3	3
47	AMELY	4
48	FGF22	3
49	SERPIND1	4
50	MMP11	4
51	MIF	3
52	OSM	4
53	TCN2	4
54	PLA2G3	3
55	LGALS1	3
56	ARSA	3
57	CHADL	4
58	NID2	4
59	CTSG	3
60	COCH	4
61	CHGA	4
62	R3HDML	4
63	CTSZ	3
64	RSPO4	3
65	PDYN	3
66	OXT	4
67	LBP	4
68	CST4	3
69	SPINT3	3
70	F9	3
71	PCSK1N	4
72	TIMP1	4
73	ITIH6	4
74	GLA	3
75	OLFM4	3
76	MMP2	5
77	CBLN1	3
78	CCL22	3
79	CCL17	3
80	PRSS54	4
81	PLA2G15	4
82	WFDC1	4
83	CTSH	4
84	CEMIP	4
85	SCG3	4
86	AGO2	3
87	TG	4
88	CPQ	4
89	SFRP1	3
90	PLAT	3
91	DKK4	3
92	TULP2	3
93	LHB	4
94	AMH	5
95	DKKL1	4
96	RETN	4
97	EBI3	3
98	TGFB1	4
99	EPOR	4
100	FGF21	3
101	COMP	4
102	HAMP	3
103	PON1	3
104	HGF	3
105	LAMB1	4
106	WNT16	3
107	CPA2	3
108	CPA4	4
109	TFPI2	4
110	PON2	3
111	NPVF	3
112	LFNG	3
113	STX1A	3
114	CCL24	3
115	PCOLCE	4
116	SERPINE1	3
117	PLOD3	3
118	RARRES2	3
119	AEBP1	4
120	C5	4
121	RLN1	3
122	C8G	4
123	MPO	3
124	EPX	3
125	CSF3	4
126	WNT3	3
127	C1QBP	3
128	CCL2	5
129	CCL1	4
130	CCL13	4
131	NAGLU	3
132	COL1A1	4
133	PPY	4
134	VTN	5
135	ALDOC	3
136	IBSP	4
137	CXCL6	3
138	AFM	3
139	SMR3A	4
140	PF4V1	4
141	IL2	4
142	CTSC	4
143	HSPA8	3
144	ST3GAL4	4
145	APOA5	3
146	APOC3	5
147	KITLG	4
148	IL23A	3
149	PRR4	4
150	FGF6	3
151	MGP	4
152	IL26	3
153	IFNG	3
154	ACRBP	4
155	TULP1	3
156	GPLD1	3
157	LAMA4	4
158	ENPP5	3
159	LY86	4
160	GHR	3
161	HBEGF	3
162	LOX	4
163	GZMK	3
164	SPARC	3
165	IL12B	4
166	LNPEP	3
167	IL4	4
168	IL5	3
169	SEMA3G	3
170	LTF	3
171	HRG	3
172	TFPI	3
173	APOB	4
174	REG1A	4
175	IGFBP2	3
176	IGFBP5	5
177	WNT6	3
178	IL1RL1	4
179	AZU1	3
180	PROC	3
181	PRTN3	4
182	CLCA1	4
183	ANGPTL1	4
184	CTSD	4
185	MMP8	3
186	APOA1	5
187	TTR	3
188	GHRH	4
189	SOGA1	3
190	FGF23	4
191	C2orf40	3
192	ADCK1	3
193	TGFB3	5
194	INSL4	4
195	IFNA7	3
196	TNN	4
197	PDZD11	3
198	TNFSF11	3
199	TEX14	3
200	PLBD1	3
201	IAPP	3
202	CAT	3
203	CPXM2	3
204	NPY	3
205	INHBA	4
206	CNTFR	3
207	SRGN	4
208	ADGRE5	3
209	CCDC70	3
210	COL10A1	4
211	TNFAIP6	3
212	PLA2G12A	3
213	C4BPB	3
214	INHA	4
215	PI3	4
216	WFDC3	4
217	IL9R	3
218	IL17C	3
219	PSG1	3
220	LYPD3	3
221	BTN1A1	3
222	TREM1	4
223	COL21A1	4
224	EREG	4
225	BMP4	4
226	PSPN	3
227	C3	4
228	GNRH2	4
229	CST8	3
230	CSTL1	3
231	OTOR	4
232	DEFB129	3
233	MMP24	3
234	SLURP1	4
235	FLRT1	3
236	CSN1S1	4
237	STATH	4
238	HTN1	3
239	DNASE1	5
240	GDF1	3
241	SDF2	4
242	CFP	4
243	PLA2G2C	3
244	GFER	3
245	FGL2	3
246	SPINK2	3
247	LIF	4
248	VGF	4
249	ISLR	3
250	WISP1	4
251	CLEC11A	4
252	KLK12	4
253	CMA1	3
254	INS	4
255	IGSF21	3
256	LILRA2	3
257	ADAMTS2	5
258	PDGFRL	3
259	NXPE1	3
260	ELN	3
261	ANGPTL8	3
262	APOE	5
263	ACE2	3
264	NCAN	4
265	BMP15	3
266	EPO	3
267	PXDN	3
268	GDF15	3
269	OLFM1	4
270	LAMA5	5
271	BPIFB1	3
272	BPIFA2	3
273	DEFB118	4
274	C1QL1	3
275	F12	3
276	ADGRE3	3
277	NAPSA	3
278	NDFIP1	3
279	FSHB	4
280	CHSY1	3
281	LGALS3	3
282	EMILIN2	3
283	OC90	4
284	SERPINF1	4
285	JCHAIN	3
286	CRP	4
287	HAPLN2	4
288	APCS	3
289	SYT4	3
290	CHI3L1	4
291	CCDC134	3
292	NTS	3
293	ADAMDEC1	3
294	IL5RA	3
295	CHL1	3
296	REG4	4
297	TSHB	4
298	SAA2	3
299	FST	4
300	CFHR5	3
301	GRP	4
302	SPX	4
303	GIF	3
304	TCN1	4
305	ADAMTS8	4
306	ANXA1	3
307	HILPDA	3
308	CD63	4
309	LACRT	3
310	GDF11	5
311	PRADC1	3
312	LAMC1	4
313	WNT10A	3
314	THSD1	3
315	IL6	5
316	CHAD	4
317	IL36G	3
318	IL1RN	4
319	IL36A	3
320	IL36RN	3
321	IL36B	3
322	CFC1	4
323	ORM1	4
324	ENPP2	4
325	NOV	4
326	IFNA6	4
327	CCL21	4
328	CCL27	4
329	TINAG	3
330	PSORS1C2	3
331	C6orf15	4
332	CLPS	3
333	FGFBP2	3
334	IL18BP	4
335	GGH	3
336	SDCBP	3
337	SORL1	4
338	MMP7	5
339	MMP20	4
340	MMP13	4
341	THBS1	3
342	MSTN	3
343	COL8A1	5
344	EPYC	3
345	LYZ	4
346	LIPG	3
347	C12orf49	3
348	PZP	3
349	XYLT1	3
350	VWF	4
351	ENOX1	3
352	DPEP1	3
353	CDH1	3
354	IL17B	3
355	THSD4	4
356	CILP	4
357	RAB11A	3
358	LOXL1	3
359	FLT4	4
360	LTBP2	4
361	SERPINA10	3
362	LPO	4
363	RAB11FIP3	3
364	CRISPLD2	3
365	ERP44	3
366	FBN2	4
367	ISM1	3
368	PCSK2	5
369	OGN	4
370	GSDMD	3
371	ADA2	3
372	ANOS1	3
373	TIMP2	4
374	LGALS3BP	3
375	BPI	3
376	ST3GAL3	3
377	CNPY4	4
378	MYDGF	4
379	A1BG	4
380	IL37	4
381	IL1A	3
382	IL1B	3
383	MIA	4
384	C9	3
385	LIFR	3
386	C6	3
387	TNR	3
388	SIAE	3
389	LCN1	3
390	CNTN3	3
391	IL7	3
392	GNLY	3
393	KDR	3
394	CKLF	4
395	LCAT	3
396	NECTIN1	4
397	TECTA	3
398	GPC1	3
399	FCER2	3
400	LOXL3	3
401	LAMC2	3
402	NID1	4
403	NMU	3
404	ADAM23	3
405	BCHE	3
406	IL21	3
407	FGF2	3
408	GZMM	3
409	IL11	4
410	CP	4
411	WNT5A	3
412	FGF10	3
413	SERPINI2	3
414	KLKB1	4
415	FNDC4	3
416	POMC	4
417	MMRN1	4
418	COL5A3	3
419	OLFM2	4
420	F13A1	3
421	ARSB	3
422	BST1	3
423	KNG1	4
424	FETUB	4
425	VCAN	4
426	TNC	4
427	AMBP	3
428	FSTL4	4
429	SEMA3C	4
430	SEMA3A	4
431	NRP1	4
432	COL6A5	4
433	WNT2	4
434	PON3	3
435	NPTX2	3
436	GAL	5
437	ADAM28	3
438	HPX	4
439	IDE	3
440	HYAL1	4
441	ITIH4	5
442	SLIT1	4
443	SFRP5	3
444	TIMP3	4
445	INHBE	4
446	LUM	4
447	KERA	4
448	DHH	3
449	NPFF	3
450	ERBB3	4
451	CBLN3	3
452	FGF7	3
453	ADAMTS17	4
454	MFGE8	3
455	FURIN	3
456	PRSS36	3
457	GFOD2	3
458	SPACA3	3
459	CDH2	3
460	GALNT1	3
461	MEP1B	3
462	NPC1	3
463	ASGR1	4
464	SECTM1	3
465	CBLN2	3
466	IGFBP4	4
467	PSG9	4
468	NTN5	3
469	ADAMTS10	4
470	FBN3	3
471	PTH2	3
472	IGLON5	3
473	FCN3	3
474	TINAGL1	3
475	PROK1	3
476	HMCN1	4
477	ADAMTSL4	4
478	CTSK	4
479	LEFTY1	4
480	WNT9A	4
481	REN	4
482	GDF7	3
483	REG3G	4
484	C1QL2	3
485	NXPH2	3
486	TMEFF2	3
487	FAM198A	4
488	ITIH1	5
489	NXPE3	4
490	PLA1A	3
491	UCN2	4
492	CORIN	3
493	SFRP2	4
494	ADAMTS16	4
495	GZMA	3
496	HAPLN1	4
497	CRHBP	3
498	ADAMTS19	4
499	LECT2	3
500	IL9	3
501	SPINK7	3
502	PCYOX1L	3
503	FGF18	3
504	PLA2G7	5
505	SCUBE3	4
506	VWDE	3
507	EGFR	4
508	IGFBP1	4
509	GNRH1	4
510	CRH	4
511	RSPO2	4
512	IFNA1	4
513	IFNK	3
514	LCN2	4
515	PAEP	3
516	LCN9	4
517	HABP2	4
518	ADM	3
519	SAA4	3
520	SCGB1A1	3
521	SERPING1	4
522	ENDOD1	3
523	ZP1	3
524	OOSP2	3
525	SPINT4	3
526	GPHA2	3
527	FERMT3	3
528	MMP10	3
529	CTF1	3
530	IL18	3
531	CRIM1	3
532	PRSS53	3
533	GLT1D1	3
534	TNFSF4	3
535	CFC1B	3
536	PTH	4
537	SPOCK1	5
538	FLT1	3
539	IGSF10	3
540	SPARCL1	3
541	DSPP	4
542	BMP3	3
543	ADAMTS18	4
544	CPB1	4
545	BMP6	3
546	PLA2R1	4
547	SPACA7	4
548	CD8A	4
549	TMPRSS11D	3
550	SEMA3D	3
551	ABI3BP	3
552	WNT3A	3
553	LY96	4
554	CXADR	5
555	APP	3
556	ADAMTS1	4
557	ADAMTS5	4
558	WNT7A	3
559	DKK2	3
560	PDIA4	3
561	WIF1	3
562	MMP16	4
563	ADAMTS3	4
564	ADAMTSL3	5
565	CXCL13	3
566	GDF6	4
567	NODAL	4
568	SST	4
569	LYZL4	3
570	TIMP4	3
571	CLEC18A	3
572	IL34	3
573	IL17RB	3
574	NBL1	4
575	WFDC8	4
576	WNT9B	3
577	CELA3A	3
578	WNT4	4
579	STC1	3
580	PGLYRP3	3
581	ACE	5
582	TEPP	3
583	SPON2	4
584	AGRP	3
585	PIP	3
586	HAPLN4	3
587	CILP2	4
588	TFF2	3
589	TFF1	3
590	S100B	3
591	FCN2	4
592	PSG6	3
593	GPC2	3
594	AZGP1	3
595	FGFR4	4
596	SCGB3A1	3
597	DCD	3
598	WNT1	4
599	CELA1	3
600	CXCL16	4
601	PRSS33	4
602	PTX4	3
603	NTN3	3
604	FGF19	3
605	DRAXIN	4
606	VCAM1	3
607	OLFML2B	3
608	FCGR3B	3
609	PKDCC	3
610	FRZB	4
611	INHBB	4
612	C1QTNF7	5
613	BMP10	3
614	TGFA	4
615	NPPC	3
616	ALPI	3
617	COL6A3	4
618	FAM19A4	3
619	PROK2	4
620	FSTL1	4
621	RNPEP	3
622	IGFBP7	3
623	IHH	4
624	RETNLB	4
625	GLB1L	4
626	SERPINI1	3
627	ALB	3
628	PSMD6	3
629	PTX3	3
630	CXCL3	4
631	CXCL5	4
632	PPBP	4
633	PF4	3
634	UCN	4
635	CDCP1	3
636	CLEC3B	3
637	TDGF1	3
638	LIPH	4
639	MASP1	4
640	MELTF	3
641	P3H1	4
642	EMCN	3
643	PLXNB1	3
644	PRSS12	4
645	HMGB2	3
646	SCRG1	3
647	IL15	3
648	HHIP	3
649	EDIL3	4
650	SCGB3A2	3
651	SPINK1	4
652	CARTPT	4
653	IL3	3
654	CSF2	4
655	GDF9	4
656	LEAP2	3
657	IL22RA2	4
658	BMPER	4
659	RELL2	3
660	FNDC1	4
661	COL1A2	3
662	TNFRSF11B	3
663	SBSPON	4
664	DEFA4	3
665	DEFA6	4
666	DEFB1	4
667	CNTNAP3	4
668	PRSS37	3
669	CPA6	3
670	COL14A1	5
671	VEGFD	4
672	FOLR2	4
673	RNASE7	4
674	SERPINA4	3
675	C1QL3	4
676	LIPC	3
677	C14orf93	3
678	ADAMTS15	3
679	C2	4
680	SERPINB2	3
681	A2ML1	4
682	HSP90B1	3
683	MMP3	5
684	C18orf54	3
685	TAC3	4
686	SCG5	3
687	PDIA3	3
688	BPIFC	3
689	COL6A2	4
690	GPRC5B	3
691	MMP26	4
692	CA4	3
693	LALBA	4
694	WNT10B	3
695	LAIR2	4
696	CYB5D2	3
697	CGB1	3
698	CGB5	4
699	ANGPTL4	5
700	IGFBP6	3
701	SOST	3
702	LTBP3	3
703	PNOC	4
704	RNASE6	3
705	PRL	3
706	CCL11	4
707	C1QTNF4	3
708	LGI3	3
709	RNASE3	3
710	SMR3B	3
711	LRG1	5
712	NRTN	3
713	ABHD15	3
714	IGF1	3
715	MUC17	3
716	INSL5	3
717	GUSB	4
718	IL17D	3
719	IL16	3
720	WFDC13	3
721	SCGB1D1	3
722	COL22A1	5
723	REG1B	3
724	PCSK9	4
725	ACHE	5
726	SEMA3E	5
727	IL12A	3
728	TRH	4
729	DEFB4A	4
730	CYTL1	3
731	LRP8	3
732	HTRA3	5
733	MZB1	3
734	CTRB2	3
735	GTPBP2	3
736	SCG2	3
737	PCDHA10	4
738	CD14	5
739	REG3A	4
740	CCDC126	3
741	COL3A1	4
742	SPACA5B	3
743	CSN3	3
744	IL13	3
745	SOSTDC1	3
746	PSG8	4
747	FSTL5	4
748	TUB	3
749	CXCL10	3
750	BMP1	4
751	CST1	4
752	SPACA5	3
753	COL8A2	3
754	HTRA4	4
755	USH2A	3
756	FGB	4
757	PAM	4
758	IL7R	3
759	ANTXR2	3
760	FGA	4
761	PRSS27	4
762	BTD	3
763	CXCL8	4
764	VASN	3
765	CXCL11	3
766	PRND	3
767	GLB1	4
768	CST5	4
769	LAMB2	5
770	PATE1	4
771	TMPRSS11E	3
772	CST2	3
773	CANT1	3
774	ZPLD1	3
775	EGFL7	4
776	B3GAT1	4
777	C11orf45	3
778	RFNG	3
779	HPSE	4
780	PODN	3
781	F2	4
782	INHBC	3
783	PRSS1	3
784	CCL19	4
785	WNT5B	4
786	PLG	5
787	VWC2L	4
788	OLR1	4
789	KLK6	4
790	CLCF1	5
791	CD164	3
792	CSHL1	4
793	PGA5	3
794	LPL	4
795	EFEMP2	4
796	CD34	3
797	HSPA6	3
798	CTSF	3
799	CD200R1	4
800	JUP	3
801	VEGFB	3
802	WFIKKN2	3
803	CST6	4
804	LYG1	3
805	MUCL1	3
806	RNASE8	4
807	HEG1	4
808	FGF5	4
809	KLK10	4
810	LTBP4	3
811	PRG2	3
812	ADPGK	3
813	LGI4	3
814	PLA2G1B	4
815	DAG1	4
816	LEP	3
817	GH1	4
818	DEFB114	3
819	C2orf69	4
820	ADGRB1	3
821	NETO1	3
822	GFRA4	4
823	MMP19	5
824	LGALS7B	3
825	KLK2	3
826	AMBN	3
827	LCN15	3
828	C1QB	4
829	KLK3	4
830	CFHR1	5
831	IL1RAP	4
832	EDDM3B	3
833	ANGPT2	4
834	DKK3	5
835	EDDM3A	4
836	CLU	3
837	CREG2	3
838	TMEM25	5
839	METRNL	3
840	CD163L1	3
841	LILRB1	3
842	SPAG11A	4
843	AGGF1	3
844	SFTPC	3
845	CLEC4M	3
846	CD55	5
847	CSH1	4
848	P3H2	3
849	DNASE1L2	4
850	PIBF1	3
851	MET	3
852	PSAPL1	3
853	APOL1	3
854	RPTN	3
855	PROM2	3
856	FDCSP	3
857	NCAM1	3
858	GREM2	4
859	WFDC11	3
860	DEFB112	3
861	PSG11	4
862	CPN2	3
863	ICOS	3
864	PRSS8	3
865	C3orf58	3
866	ARSJ	3
867	WFDC9	4
868	ADIPOQ	4
869	DEFB104A	3
870	CALR	3
871	IL17RA	3
872	DEFB103A	3
873	TAC1	4
874	SPOCK2	4
875	LPA	3
876	INSL3	4
877	FGF8	4
878	SERPINF2	5
879	FIBIN	4
880	TSPEAR	3
881	C7	4
882	DEFB104B	4
883	PGA3	3
884	FAM20C	3
885	OTOS	4
886	MMP1	4
887	ACPP	3
888	DAND5	4
889	CD6	3
890	ITLN1	3
891	CRTAP	4
892	PLXDC1	3
893	A2M	4
894	CGREF1	4
895	PENK	3
896	LAMA3	4
897	DEFB103B	4
898	IL32	3
899	WFIKKN1	4
900	SPINK6	3
901	COL12A1	4
902	KARS	3
903	WNT11	3
904	FBN1	4
905	HSP90AB1	3
906	KLK4	3
907	RTBDN	3
908	DEFB124	3
909	CLEC18C	3
910	FKRP	3
911	OVCH1	4
912	THNSL2	3
913	BGN	3
914	IGIP	4
915	PRSS57	3
916	BMP8A	4
917	CSF1	3
918	LYG2	4
919	ACP7	3
920	DHRS7C	3
921	C6orf58	3
922	IL25	3
923	C1S	3
924	NOG	3
925	TNFRSF18	4
926	DEFA3	3
927	EFNA5	3
928	C1QTNF12	4
929	GKN2	3
930	NXPH3	3
931	IGLL1	4
932	SERPINA7	3
933	IL22	3
934	DEFA5	4
935	IFNL1	3
936	NPW	3
937	RESP18	3
938	EPGN	3
939	PDGFB	5
940	LEPR	4
941	IST1	3
942	C1QTNF8	3
943	AMY1B	4
944	CTHRC1	3
945	HHIPL1	3
946	RTN4RL1	3
947	PAPPA	4
948	OTOL1	4
949	OPCML	3
950	IL1R2	3
951	VSTM4	4
952	CD8B	4
953	BCAN	4
954	GAST	4
955	FBLN7	4
956	FBLN1	4
957	GDF3	3
958	CALCA	4
959	GAS6	3
960	COL4A5	4
961	CFD	4
962	PSG3	3
963	PMCH	3
964	COL7A1	3
965	OLFML1	3
966	RNLS	3
967	TSKU	4
968	COLEC10	4
969	NPB	3
970	EMILIN3	3
971	FLRT2	3
972	FREM3	4
973	GH2	4
974	SERPINA5	3
975	SNORC	3
976	DEFB108B	3
977	HSD17B13	4
978	RNASE10	3
979	ARSI	3
980	NXPH4	3
981	IFNL2	3
982	C1QTNF9	3
983	CMTM4	3
984	HBB	3
985	EMC10	4
986	TAC4	3
987	DHRSX	4
988	FGF3	4
989	F3	5
990	VWCE	4
991	C5orf38	4
992	DEFB105A	3
993	DEFB106B	3
994	LRCH3	3
995	LYPD6	4
996	DEFB107A	3
997	DHRS4L2	4
998	SERPINA11	3
999	GHRL	4
1000	GLDN	3
1001	ENTPD5	3
1002	ANGPTL5	3
1003	DEFB105B	3
1004	C1QL4	3
1005	DEFB106A	3
1006	DEFB128	3
1007	ZPBP2	4
1008	EMID1	3
1009	DEFB131A	3
1010	PPFIA3	3
1011	C9orf47	4
1012	CCK	3
1013	ANG	3
1014	LUZP2	3
1015	FGG	4
1016	TMEM155	3
1017	CXCL14	4
1018	EDN3	4
1019	SERPINA9	4
1020	ENOX2	3
1021	NLRP3	3
1022	HYAL3	4
1023	IL17F	3
1024	EPHA3	3
1025	WFDC10B	4
1026	MAPK15	3
1027	KLK5	3
1028	MMP25	3
1029	APOL4	4
1030	CRISP1	3
1031	SNCA	3
1032	CELA3B	3
1033	FGF1	3
1034	THEM6	3
1035	IL6ST	4
1036	C1QTNF6	3
1037	FGFBP3	3
1038	CRISP2	3
1039	CPM	4
1040	COLEC11	4
1041	KRTDAP	3
1042	C2orf66	3
1043	LCN6	3
1044	THBS4	4
1045	TSLP	3
1046	FGFR3	4
1047	FLRT3	4
1048	CD59	5
1049	NYX	3
1050	SMPD1	3
1051	UTS2B	3
1052	ELSPBP1	3
1053	WNT8B	3
1054	GYG1	3
1055	C1QTNF1	3
1056	DMP1	3
1057	COL17A1	3
1058	TEX264	3
1059	SFN	3
1060	NTN4	4
1061	AMTN	3
1062	CSN2	4
1063	WNT7B	3
1064	CLEC18B	3
1065	CLUL1	4
1066	SIGLEC1	3
1067	PTN	4
1068	ISM2	4
1069	COL9A3	4
1070	BSPH1	3
1071	IL1F10	3
1072	VWC2	3
1073	CHIA	3
1074	CTSB	5
1075	SLPI	3
1076	SPINT1	3
1077	SERPINA12	3
1078	ICAM4	4
1079	HHIPL2	3
1080	C15orf61	4
1081	FAM180A	3
1082	OSTN	4
1083	TREML4	3
1084	SERPINA6	3
1085	IL19	4
1086	HMGB1	3
1087	LIPI	3
1088	VSTM1	5
1089	C17orf99	3
1090	TNFSF13	3
1091	TPSAB1	3
1092	PRELP	4
1093	IFNAR2	3
1094	METTL24	4
1095	IL17A	3
1096	RNASE1	4
1097	SUSD4	4
1098	LRRC17	3
1099	PSG5	4
1100	SCGB1C1	3
1101	APOL3	3
1102	GLB1L2	3
1103	ECM2	4
1104	S100A13	3
1105	QPCT	3
1106	IGFL3	3
1107	BPIFB6	3
1108	FBLN5	4
1109	PODNL1	3
1110	APOD	4
1111	SIGLEC10	3
1112	CTSL	3
1113	PAPLN	4
1114	ST3GAL2	4
1115	QRFP	3
1116	DLG1	3
1117	PGLYRP2	5
1118	LRFN2	3
1119	CALCB	3
1120	ANXA2	3
1121	BPIFA1	4
1122	ADAMTSL2	4
1123	PDGFA	5
1124	SMOC2	4
1125	HNRNPA2B1	3
1126	FN1	4
1127	C6orf120	3
1128	EGFLAM	4
1129	FMOD	3
1130	EFEMP1	3
1131	COL18A1	4
1132	FCAR	3
1133	DEFB107B	3
1134	PLGLB1	4
1135	FAS	4
1136	MXRA7	3
1137	SERPINA1	4
1138	HP	5
1139	LAMB3	4
1140	COL27A1	4
1141	PXDNL	3
1142	SEMA4D	3
1143	PIGR	3
1144	AADACL2	3
1145	SAA1	4
1146	RSPO1	4
1147	MEGF6	4
1148	RSPO3	4
1149	NRG1	3
1150	IL27	3
1151	ADAM15	3
1152	SPINK14	3
1153	GUCA2A	4
1154	NELL1	4
1155	SPOCK3	4
1156	GM2A	3
1157	RAET1E	3
1158	COL9A1	4
1159	GALP	3
1160	CGB3	3
1161	GIP	3
1162	NEGR1	3
1163	APOA4	4
1164	TLL2	4
1165	FAM3B	4
1166	HSD17B11	3
1167	ITIH2	4
1168	COL6A6	3
1169	PATE2	3
1170	ALKAL1	3
1171	SCGB1D4	3
1172	QSOX2	3
1173	FAM3D	3
1174	CCL20	4
1175	CNDP1	3
1176	PNLIPRP1	4
1177	COL20A1	4
1178	SFTA2	3
1179	CD163	3
1180	PLAC1	3
1181	CMTM5	3
1182	FGF17	3
1183	MFAP5	4
1184	PLGLB2	5
1185	HAPLN3	3
1186	CELA2A	3
1187	OSCAR	4
1188	PGLYRP4	5
1189	MDK	5
1190	ARPC5	3
1191	SPINK5	5
1192	FAM3A	3
1193	ART5	3
1194	SULF2	3
1195	FAM3C	3
1196	PYY	3
1197	TFRC	3
1198	SPN	3
1199	F8	4
1200	RAB5B	3
1201	HLA-G	3
1202	NRP2	5
1203	DSC3	3
1204	COL4A2	5
1205	DPP4	3
1206	MMP17	3
1207	SCUBE1	4
1208	AOC1	3
1209	ENPP1	3
1210	CPZ	4
1211	PRSS3	4
1212	CTRB1	3
1213	MEPE	4
1214	LAMC3	4
1215	CCL28	3
1216	C8A	3
1217	BRINP2	4
1218	GPX6	3
1219	GPX7	3
1220	WISP3	4
1221	CXCL9	4
1222	NRG2	4
1223	NOTCH2NL	3
1224	PCDH15	4
1225	SMOC1	4
1226	COL6A1	4
1227	CNTF	3
1228	SCCPDH	3
1229	ZP4	3
1230	AGT	4
1231	PRSS38	4
1232	THBS2	3
1233	LEFTY2	4
1234	TGFB2	4
1235	VASH2	3
1236	NENF	3
1237	C4BPA	3
1238	FCMR	3
1239	IL20	3
1240	KISS1	4
1241	OPTC	4
1242	CHIT1	4
1243	VIP	4
1244	ULBP2	4
1245	RAET1G	5
1246	CRB1	4
1247	F13B	4
1248	CFHR2	3
1249	CFHR4	4
1250	CFHR3	3
1251	CFH	5
1252	BRINP3	4
1253	MR1	3
1254	QSOX1	4
1255	PAPPA2	5
1256	SERPINC1	3
1257	FASLG	3
1258	F5	4
1259	DPT	5
1260	XCL1	4
1261	XCL2	3
1262	MOXD1	3
1263	FCGR3A	3
1264	CTGF	4
1265	APOA2	3
1266	ADAMTS4	3
1267	ITLN2	4
1268	COPA	3
1269	CD5L	3
1270	NAXE	4
1271	BGLAP	4
1272	THBS3	4
1273	SMPDL3A	4
1274	IL6R	4
1275	ADAM12	4
1276	S100A7	3
1277	S100A8	3
1278	S100A12	3
1279	S100A9	4
1280	MMP21	3
1281	TUFT1	4
1282	FAM24A	3
1283	FAM24B	3
1284	DMBT1	4
1285	C1orf56	4
1286	HTRA1	4
1287	CTSS	4
1288	ECM1	4
1289	C1orf54	4
1290	PNLIP	4
1291	PNLIPRP3	4
1292	TECTB	4
1293	CD2	3
1294	NGF	4
1295	CGA	3
1296	FAM19A3	4
1297	WNT2B	4
1298	PRSS35	3
1299	IMPG1	4
1300	TNFRSF6B	3
1301	FNDC7	3
1302	NTNG1	3
1303	AMY1C	3
1304	AMY1A	4
1305	COL11A1	4
1306	OLFM3	5
1307	EXTL2	3
1308	KAZALD1	3
1309	CPN1	4
1310	GBP1	3
1311	CREG1	5
1312	HPSE2	4
1313	CLCA2	4
1314	COL24A1	4
1315	CRTAC1	4
1316	CD40LG	3
1317	DNASE2B	3
1318	GPC4	5
1319	BMP5	4
1320	IGSF1	3
1321	GNAS	3
1322	XPNPEP2	3
1323	ANGPTL3	4
1324	DEFB110	3
1325	TACSTD2	3
1326	C8B	4
1327	ADGRF1	4
1328	CDCP2	4
1329	LGI1	3
1330	RBP4	4
1331	DPP7	4
1332	PTGDS	3
1333	LCN12	4
1334	LCN8	3
1335	OBP2A	4
1336	FCN1	3
1337	COL5A1	5
1338	SPATA6	4
1339	ADAMTS13	3
1340	PTEN	3
1341	MMRN2	4
1342	OBP2B	4
1343	CHRDL1	4
1344	VEGFA	3
1345	C10orf99	4
1346	NRG3	4
1347	COL4A6	4
1348	PLAC9	4
1349	CD40	4
1350	SFTPD	3
1351	SFTPA2	4
1352	MMP9	4
1353	PLTP	4
1354	CTSA	4
1355	SVBP	3
1356	YBX1	4
1357	GUCA2B	3
1358	EDN2	3
1359	WFDC10A	4
1360	WFDC6	3
1361	WFDC2	4
1362	SDC4	3
1363	SPTAN1	3
1364	COL9A2	5
1365	PLAU	4
1366	SEMG2	4
1367	SEMG1	4
1368	WFDC12	4
1369	WFDC5	4
1370	BMP8B	4
1371	SRPX2	4
1372	PGC	4
1373	PLA2G12B	5
1374	CSF3R	3
1375	TREM2	3
1376	ADAMTS14	4
1377	TOR2A	3
1378	ANGPTL2	4
1379	VSTM2L	3
1380	FNDC5	3
1381	OLFML2A	4
1382	COL16A1	4
1383	MATN1	4
1384	GSN	4
1385	CLPSL1	3
1386	MBL2	3
1387	DKK1	3
1388	TNFSF15	4
1389	GDF5	3
1390	EDA	4
1391	C1QC	4
1392	C1QA	4
1393	HSPG2	3
1394	ABCA1	3
1395	COL5A2	4
1396	ASIP	5
1397	COL15A1	4
1398	AGER	5
1399	VWA5B1	3
1400	PLA2G2F	3
1401	PLA2G2D	3
1402	PLA2G5	4
1403	PLA2G2A	3
1404	PLA2G2E	4
1405	LYZL2	3
1406	BTBD17	3
1407	BPIFA3	4
1408	BPIFB4	3
1409	BPIFB3	3
1410	LYZL1	3
1411	MFAP2	4
1412	ASPN	4
1413	PROZ	4
1414	OMD	4
1415	F10	4
1416	F7	4
1417	NEU1	3
1418	HSPA1A	3
1419	VWA7	4
1420	COL4A1	4
1421	LY6G6D	3
1422	LY6G5B	4
1423	TNFSF13B	3
1424	CELA2B	4
1425	APOM	3
1426	BAG6	3
1427	ITGBL1	4
1428	TNFRSF1B	3
1429	CDSN	4
1430	DEFB123	4
1431	DEFB119	4
1432	NPPB	4
1433	NPPA	3
1434	GNL1	3
1435	ENTPD6	3
1436	ANGPTL7	3
1437	NMS	3
1438	CST3	4
1439	CST9	3
1440	CST9L	3
1441	CST11	4
1442	GABBR1	3
1443	IL31	3
1444	GPC6	5
1445	CORT	3
1446	GPC5	4
1447	SLITRK1	3
1448	MAMDC2	4
1449	CGB7	4
1450	CA6	4
1451	IGFBPL1	5
1452	IGFL4	3
1453	TNFRSF25	4
1454	CUBN	3
1455	SPINK9	3
1456	GKN1	3
1457	LYPD5	3
1458	SCGN	3
1459	CNMD	3
1460	RECK	3
1461	NDP	4
1462	C12orf73	3
1463	PGA4	3
1464	PKHD1L1	3
1465	MMEL1	3
1466	PODXL	3
1467	ITM2B	4
1468	CCL7	3
1469	LGALS7	3
1470	PRRG1	3
1471	UCMA	3
1472	CCDC3	3
1473	BMP2	5
1474	DHRS13	4
1475	CHGB	4
1476	NRCAM	3
1477	NGRN	4
1478	SCGB2B2	4
1479	APOO	3
1480	VIT	4
1481	GFOD1	3
1482	PRDX4	3
1483	AGRN	3
1484	EDN1	4
1485	ISG15	3
1486	XDH	3
1487	NHLRC3	3
1488	NDNF	5
1489	SPINK4	5
1490	POSTN	4
1491	TXNDC5	3
1492	IL15RA	4
1493	RS1	4
1494	C9orf72	3
1495	ARSK	5
1496	TEK	3
1497	KL	3
1498	IFNA8	3
1499	IFNA2	4
1500	IFNA16	3
1501	IFNA10	3
1502	IFNA14	4
1503	IFNA21	4
1504	IFNW1	3
1505	IFNB1	4
1506	AVP	4
1507	EMILIN1	4
1508	UCN3	4
1509	SHBG	3
1510	COL2A1	4
1511	ADAMTSL1	4
1512	EGFL6	3
1513	CPXM1	3
1514	TMSB4X	3
1515	AMELX	4
1516	FREM1	4
1517	CER1	4
1518	SLC12A1	3
1519	ADAMTS6	3
1520	IGFBP3	5
1521	GP2	3
1522	ESM1	4
1523	IL33	3
1524	CRLF2	4
1525	SIRPD	3
1526	RLN2	4
1527	INSL6	4
1528	ASAH1	3
1529	PRH2	4
1530	ANGPT4	3
1531	VLDLR	4
1532	LGI2	4
1533	SOD3	3
1534	DEFB135	3
1535	DEFB136	3
1536	FGF9	3
1537	DEFB132	4
1538	DEFB127	4
1539	DEFB126	4
1540	DEAF1	4
1541	DEFB125	4
1542	DEFA1	3
1543	DEFA1B	3
1544	SERPINB5	4
1545	HGFAC	4
1546	MSLN	4
1547	RNASE13	3
1548	LY6G5C	3
1549	COLQ	4
1550	FAM131A	3
1551	ADAMTS7	4
1552	GPX3	3
1553	OTOA	4
1554	LOXL2	4
1555	PRB2	4
1556	VWA3A	3
1557	ADAMTS20	3
1558	SSC5D	3
1559	LAMA1	4
1560	CCL25	4
1561	KLK8	5
1562	KLK7	4
1563	IL24	3
1564	LAD1	3
1565	CRLF1	3
1566	CSH2	4
1567	DBH	4
1568	SERPINA3	3
1569	PDGFD	5
1570	NTNG2	3
1571	PTPRZ1	3
1572	SFTPB	4
1573	C1QTNF2	3
1574	PROS1	3
1575	GPC3	3
1576	LIPF	4
1577	RSPRY1	3
1578	NMB	5
1579	CCL8	3
1580	CFI	3
1581	AIMP1	3
1582	ZP3	3
1583	NRG4	3
1584	PSAP	4
1585	SMIM29	3
1586	SPP1	3
1587	IZUMO4	5
1588	LGALS9	3
1589	MFAP4	4
1590	ADM2	3
1591	BTC	3
1592	CXCL1	3
1593	AFP	3
1594	CXCL12	4
1595	BMP7	4
1596	PTHLH	4
1597	FAM172A	3
1598	ENAM	3
1599	ODAM	3
1600	COL4A3	5
1601	COL4A4	3
1602	EAF1	3
1603	TULP3	3
1604	CNTN4	3
1605	LYPD1	3
1606	TCTN1	3
1607	MUC16	3
1608	RNASE4	3
1609	CXorf36	4
1610	NPS	3
1611	APOF	3
1612	SPINK13	3
1613	SPAG11B	4
1614	DEFB113	3
1615	WNT8A	3
1616	ABHD18	3
1617	COL25A1	3
1618	OTOG	3
1619	COL28A1	3
1620	OPRPN	3
1621	ENHO	3
1622	MTRNR2L4	3
1623	DSCAM	3
1624	DEFB116	3
1625	DEFB115	3
1626	ZG16	3
1627	MASP2	4
1628	MATN3	4
1629	LIPK	3
1630	LIPM	3
1631	LIPN	3
1632	FAM19A5	3
1633	CRELD2	3
1634	FBLN2	4
1635	NXPH1	4
1636	ALKAL2	4
1637	RNASE9	3
1638	IFI30	5
1639	SVEP1	3
1640	F11	5
1641	VSTM2A	3
1642	VPREB1	3
1643	C22orf46	3
1644	CEACAM16	3
1645	PSG2	3
1646	TF	3
1647	CLPSL2	4
1648	LTBP1	4
1649	CPE	4
1650	HMSD	3
1651	LLCFC1	3
1652	C4orf48	3
1653	NOTUM	3
1654	ARTN	4
1655	HMCN2	4
1656	GCG	5
1657	OAS1	3
1658	CASP4	3
1659	MLN	4
1660	CRISP3	3
1661	NPNT	5
1662	AGR2	3
1663	IGF2	5
1664	GPX5	4
1665	RELN	4
1666	FGFR1	3
1667	ADM5	3
1668	PLA2G10	3
1669	AHSG	3
1670	CSF2RA	3
1671	IFNA13	3
1672	PPT1	4
1673	ORM2	5
1674	IGFL2	3
1675	MAN2B1	3
1676	PATE3	3
1677	JAM3	3
1678	C4A	3
1679	NTM	3
1680	MUC20	3
1681	SCN1B	4
1682	SFTPA1	3
1683	NTF3	4
1684	RLN3	3
1685	AMY2A	3
1686	ENDOU	4
1687	TNF	3
1688	CYR61	3
1689	FGF16	3
1690	PRG4	4
1691	FJX1	4
1692	LAMA2	4
1693	OTOGL	3
1694	PRSS48	3
1695	C11orf94	3
1696	SIGLEC6	4
1697	PRSS42	3
1698	PVR	5
1699	CPAMD8	4
1700	PMEL	3
1701	IGKV3D-7	3
1702	LTA	4
1703	CGB8	3
1704	CCBE1	3
1705	NPIPB7	3
1706	GPI	3
1707	MUC6	3
1708	ODAPH	4
1709	HHLA1	3
1710	HSD11B1L	4
1711	SPINK8	3
1712	TNXB	4
1713	IFNL3	3
1714	GDNF	5
1715	FGFR2	5
1716	SFRP4	3
1717	NPIPB15	3
1718	PATE4	3
1719	ADCYAP1	3
1720	PDCD6IP	3
1721	IFNA17	3
1722	IL10	3
1723	IFNA4	3
1724	BDNF	4
1725	EFNA4	5
1726	CTSO	3
1727	ITIH3	4
1728	SERPINE2	3
1729	IGFL1	3
1730	C4B	3
1731	PRAP1	4
1732	TGFBI	3
1733	NELL2	4
1734	CFB	5
1735	IGFALS	3
1736	MUC15	3
1737	DEFB121	3
1738	VWA1	3
1739	HFE	3
1740	FAM19A1	4
1741	MUC4	3
1742	IFNE	3
1743	LCN10	3
1744	ADAMTS9	4
1745	MSMP	4
1746	CDNF	4
1747	PPIA	3
1748	ADAM9	4
1749	ARMC8	3
1750	CALU	4
1751	CST7	3
1752	PCDHA1	4
1753	SELENOP	3
1754	GC	4
1755	CR1L	3
1756	PDGFC	3
1757	ADAMTS12	3
1758	SLIT2	3
1759	RNASET2	4
1760	EPPIN-WFDC6	3
1761	DEFB4B	3
1762	CXCL2	3
1763	WDR1	3
1764	SERPINE3	3
1765	SFTA3	3
1766	ANGPT1	3
1767	CES5A	3
1768	SCUBE2	4
1769	SLIT3	5
1770	MATN2	4
1771	IGLL5	3
1772	HTN3	4
1773	PCDHA6	5
1774	DEFB134	3
1775	KIRREL3	3
1776	MUC5B	4
1777	MTRNR2L5	3
1778	MTRNR2L1	3
1779	MTRNR2L8	3
1780	MTRNR2L7	3
1781	HPR	5
1782	MTRNR2L10	3
1783	ERFE	3
1784	MTRNR2L3	3
1785	CES4A	3
1786	C3orf33	3
1787	PCSK5	4
1788	PRSS58	3
1789	RNASE12	4
1790	VTI1B	3
1791	PGF	3
1792	NPC2	4
1793	B2M	4
1794	METRN	3
1795	CLEC19A	3
1796	ERVMER34-1	3
1797	CCER2	3
1798	PRCD	3
1799	LYPD8	3
1800	APOC2	4
1801	APOC4	3
1802	FAM20A	3
1803	FLT3LG	3
1804	MTRNR2L12	3
1805	TNFSF14	3
1806	KLK15	4
1807	PINLYP	4
1808	KLK13	4
1809	CXCL17	3
1810	KLK11	3
1811	MATN4	3
1812	PRLR	3
1813	COL11A2	3
1814	PRR27	3
1815	CRB2	3
1816	PTGS1	3
1817	C1QTNF9B	3
1818	FGFBP1	3
1819	EFNA1	3
1820	MUC3A	3
1821	PRB3	3
1822	PLAUR	3
1823	SLAMF1	3
1824	C16orf89	3
1825	CHID1	3
1826	CD177	3
1827	FGL1	3
1828	FOLR3	3
1829	MMP28	3
1830	DMKN	3
1831	MMP12	3
1832	MSMB	3
1833	GDF10	3
1834	KLK9	3
1835	GREM1	3
1836	SMPDL3B	3
1837	KIAA0100	3
1838	EPPIN	3
1839	AMY2B	3
1840	TPSB2	3
1841	C1QTNF3	3
1842	PCSK6	3
1843	RNASE11	3
1844	PILRA	3
1845	LILRA5	3
1846	IDUA	3
1847	SEMA3B	3
1848	LGMN	3
1849	COL19A1	3
1850	RBP3	3
1851	CCL5	3
1852	STC2	3
1853	CHI3L2	3
1854	CCL23	3
1855	PRSS23	3
1856	MAN2B2	3
1857	GNPTG	3
1858	PI16	3
1859	PSG4	3
1860	NAMPT	3
1861	EGFL8	3
1862	OLFML3	3
1863	SBSN	3
1864	COL26A1	3
1865	LOXL4	3
1866	MUC5AC	3
1867	TMPRSS2	3
1868	PRSS2	3
1869	PI15	3
1870	DDR1	3
1871	ZG16B	3
1872	CCL15	3
