hgnc_symbol,Database
AAMP,Compartments
ABCA2,Compartments
ABCA3,Compartments
ABCB5,Compartments
ABCC11,Compartments
ABCC4,Compartments
ABCD4,Compartments
ABCG1,Compartments
ABP1,Compartments
ACPP,Compartments
ACSL6,Compartments
ACVR1C,Compartments
ACVRL1,Compartments
ADA,Compartments
ADAM12,Compartments
ADAM15,Compartments
ADAP2,Compartments
ADCY1,Compartments
ADCY2,Compartments
ADCY9,Compartments
ADCYAP1R1,Compartments
ADD3,Compartments
ADI1,Compartments
ADIPOR1,Compartments
ADIPOR2,Compartments
ADORA1,Compartments
ADORA2A,Compartments
ADORA2B,Compartments
ADRA1A,Compartments
ADRA1B,Compartments
ADRA1D,Compartments
ADRA2C,Compartments
ADRB1,Compartments
ADRB2,Compartments
ADRB3,Compartments
AGER,Compartments
AGPAT3,Compartments
AHNAK,Compartments
AHNAK2,Compartments
AJAP1,Compartments
AKAP7,Compartments
AKTIP,Compartments
ALCAM,Compartments
ALK,Compartments
ALOX15,Compartments
ALOX15B,Compartments
ALPI,Compartments
ALPP,Compartments
ALPPL2,Compartments
AMICA1,Compartments
AMN,Compartments
AMPH,Compartments
ANGPT1,Compartments
ANK2,Compartments
ANKRD27,Compartments
ANO1,Compartments
ANO10,Compartments
ANO4,Compartments
ANO5,Compartments
ANO6,Compartments
ANO8,Compartments
ANO9,Compartments
ANPEP,Compartments
ANTXR1,Compartments
ANTXR2,Compartments
ANXA2,Compartments
ANXA8,Compartments
ANXA8L1,Compartments
ANXA9,Compartments
AOC3,Compartments
AP2M1,Compartments
APBB1,Compartments
APC2,Compartments
APCDD1,Compartments
APH1A,Compartments
APLP1,Compartments
APMAP,Compartments
AQP1,Compartments
AQP11,Compartments
AQP2,Compartments
AQP3,Compartments
AQP4,Compartments
AQP5,Compartments
AQP7,Compartments
ARAP1,Compartments
ARC,Compartments
ARF4,Compartments
ARF6,Compartments
ARHGAP12,Compartments
ARHGAP25,Compartments
ARHGAP44,Compartments
ARHGEF2,Compartments
ARHGEF39,Compartments
ARL4A,Compartments
ARL4C,Compartments
ARL4D,Compartments
ARL6,Compartments
ARRDC2,Compartments
ART3,Compartments
ART4,Compartments
ASPH,Compartments
ATP11C,Compartments
ATP1A1,Compartments
ATP1A2,Compartments
ATP1A3,Compartments
ATP1A4,Compartments
ATP1B2,Compartments
ATP2B2,Compartments
ATP4B,Compartments
ATP5O,Compartments
ATP6V0A2,Compartments
ATP6V1B1,Compartments
ATP6V1G1,Compartments
ATP7A,Compartments
ATP7B,Compartments
ATP8A1,Compartments
ATP8A2,Compartments
ATP8B2,Compartments
ATPIF1,Compartments
AVPR1A,Compartments
AVPR1B,Compartments
AXL,Compartments
B4GALT1,Compartments
BACE1,Compartments
BACE2,Compartments
BAG4,Compartments
BAI1,Compartments
BAI2,Compartments
BASP1,Compartments
BBS1,Compartments
BBS2,Compartments
BBS9,Compartments
BCAP31,Compartments
BDKRB1,Compartments
BDKRB2,Compartments
BEST1,Compartments
BEST2,Compartments
BEST3,Compartments
BGN,Compartments
BMP2,Compartments
BMPR2,Compartments
BMX,Compartments
BSG,Compartments
BTC,Compartments
BTK,Compartments
BTN3A1,Compartments
BTN3A2,Compartments
BTN3A3,Compartments
BVES,Compartments
C1orf168,Compartments
C1orf186,Compartments
C1QBP,Compartments
C1QTNF1,Compartments
C21orf2,Compartments
C2orf40,Compartments
C2orf62,Compartments
C3AR1,Compartments
C5,Compartments
C5AR1,Compartments
C6orf25,Compartments
C6orf89,Compartments
C7,Compartments
C8A,Compartments
C9orf135,Compartments
CA4,Compartments
CA9,Compartments
CABP1,Compartments
CABP2,Compartments
CACNA1A,Compartments
CACNA1D,Compartments
CACNA1F,Compartments
CACNA1G,Compartments
CACNA1S,Compartments
CACNA2D1,Compartments
CACNA2D4,Compartments
CACNB1,Compartments
CACNB2,Compartments
CACNB3,Compartments
CACNB4,Compartments
CACNG3,Compartments
CACNG7,Compartments
CADM1,Compartments
CALCR,Compartments
CALCRL,Compartments
CALHM1,Compartments
CAPN2,Compartments
CARD11,Compartments
CARD14,Compartments
CASP8,Compartments
CASR,Compartments
CAV1,Compartments
CAV2,Compartments
CAV3,Compartments
CCDC78,Compartments
CCDC88A,Compartments
CCKAR,Compartments
CCKBR,Compartments
CCNY,Compartments
CCR1,Compartments
CCR10,Compartments
CCR2,Compartments
CCR3,Compartments
CCR4,Compartments
CCR5,Compartments
CCR6,Compartments
CCR7,Compartments
CCR8,Compartments
CCR9,Compartments
CCRL2,Compartments
CD109,Compartments
CD14,Compartments
CD160,Compartments
CD164,Compartments
CD19,Compartments
CD1A,Compartments
CD1B,Compartments
CD1D,Compartments
CD1E,Compartments
CD2,Compartments
CD200,Compartments
CD200R1,Compartments
CD209,Compartments
CD22,Compartments
CD244,Compartments
CD247,Compartments
CD28,Compartments
CD300E,Compartments
CD320,Compartments
CD34,Compartments
CD36,Compartments
CD37,Compartments
CD3D,Compartments
CD3E,Compartments
CD3G,Compartments
CD4,Compartments
CD44,Compartments
CD46,Compartments
CD5,Compartments
CD52,Compartments
CD55,Compartments
CD58,Compartments
CD59,Compartments
CD6,Compartments
CD68,Compartments
CD79A,Compartments
CD79B,Compartments
CD86,Compartments
CD8B,Compartments
CD97,Compartments
CDC42,Compartments
CDC42SE1,Compartments
CDC42SE2,Compartments
CDH12,Compartments
CDH13,Compartments
CDH15,Compartments
CDH17,Compartments
CDH4,Compartments
CDH5,Compartments
CDH7,Compartments
CDH8,Compartments
CDHR3,Compartments
CDHR5,Compartments
CDSN,Compartments
CEACAM1,Compartments
CEACAM5,Compartments
CEACAM6,Compartments
CEACAM8,Compartments
CELSR3,Compartments
CFLAR,Compartments
CFTR,Compartments
CHMP3,Compartments
CHMP4A,Compartments
CHMP4B,Compartments
CHP1,Compartments
CHP2,Compartments
CHRM1,Compartments
CHRM2,Compartments
CHRM4,Compartments
CHRM5,Compartments
CHRNA2,Compartments
CHRNA3,Compartments
CHRNA5,Compartments
CHRNA7,Compartments
CHRNA9,Compartments
CHRNB1,Compartments
CHRNB2,Compartments
CHRNB3,Compartments
CHRNE,Compartments
CHRNG,Compartments
CIB1,Compartments
CKAP4,Compartments
CLASP2,Compartments
CLCN1,Compartments
CLCNKB,Compartments
CLDN1,Compartments
CLDN11,Compartments
CLDN12,Compartments
CLDN14,Compartments
CLDN15,Compartments
CLDN17,Compartments
CLDN18,Compartments
CLDN19,Compartments
CLDN20,Compartments
CLDN4,Compartments
CLDN5,Compartments
CLDN6,Compartments
CLDN7,Compartments
CLDN8,Compartments
CLDN9,Compartments
CLDND1,Compartments
CLEC14A,Compartments
CLEC17A,Compartments
CLEC9A,Compartments
CLIC4,Compartments
CLIP3,Compartments
CLMP,Compartments
CLN3,Compartments
CLRN1,Compartments
CLU,Compartments
CMKLR1,Compartments
CNFN,Compartments
CNST,Compartments
CNTFR,Compartments
CNTN1,Compartments
CNTN2,Compartments
COL13A1,Compartments
COL25A1,Compartments
CORO1A,Compartments
CPM,Compartments
CPNE3,Compartments
CR1,Compartments
CRB1,Compartments
CRB3,Compartments
CRHR1,Compartments
CSF2RA,Compartments
CSF2RB,Compartments
CSNK1D,Compartments
CSPG4,Compartments
CTNNA1,Compartments
CTNNB1,Compartments
CTNND1,Compartments
CTNS,Compartments
CTSG,Compartments
CUBN,Compartments
CX3CL1,Compartments
CXCR1,Compartments
CXCR2,Compartments
CXCR3,Compartments
CXCR4,Compartments
CXCR5,Compartments
CXCR6,Compartments
CYBB,Compartments
CYLD,Compartments
CYP2W1,Compartments
CYP4A11,Compartments
CYP4F2,Compartments
CYSLTR1,Compartments
CYTH1,Compartments
CYTH2,Compartments
CYTH3,Compartments
CYTH4,Compartments
DAG1,Compartments
DAGLB,Compartments
DAPK1,Compartments
DAPP1,Compartments
DCBLD2,Compartments
DCST1,Compartments
DCSTAMP,Compartments
DDR1,Compartments
DDX58,Compartments
DENND4C,Compartments
DES,Compartments
DIP2A,Compartments
DIRAS1,Compartments
DIRAS2,Compartments
DKK1,Compartments
DLG1,Compartments
DLG4,Compartments
DLL1,Compartments
DMD,Compartments
DNAJC5,Compartments
DNER,Compartments
DNM2,Compartments
DOCK8,Compartments
DPP4,Compartments
DPP6,Compartments
DRD1,Compartments
DRD3,Compartments
DRD5,Compartments
DSC3,Compartments
DSCAML1,Compartments
DSP,Compartments
DST,Compartments
DSTYK,Compartments
DUOX1,Compartments
DUSP15,Compartments
DUSP3,Compartments
DYNAP,Compartments
DYSF,Compartments
ECE1,Compartments
ECSCR,Compartments
ECT2,Compartments
EDNRA,Compartments
EDNRB,Compartments
EEA1,Compartments
EEF1A1,Compartments
EFNA3,Compartments
EFNA5,Compartments
EFR3B,Compartments
EHD1,Compartments
EHD3,Compartments
ELMO1,Compartments
EMCN,Compartments
EMP2,Compartments
EMR2,Compartments
ENDOU,Compartments
ENOX2,Compartments
ENPP1,Compartments
ENPP6,Compartments
ENSG00000249139,Compartments
ENSG00000257046,Compartments
ENTPD2,Compartments
EPB42,Compartments
EPHA2,Compartments
EPHA3,Compartments
EPHB1,Compartments
EPHB3,Compartments
EPHB4,Compartments
EPOR,Compartments
EPPIN,Compartments
EPS8L1,Compartments
EPS8L2,Compartments
ERBB2IP,Compartments
ERC1,Compartments
EREG,Compartments
ESR1,Compartments
ESYT3,Compartments
EVPL,Compartments
EXOC1,Compartments
EZR,Compartments
F2R,Compartments
F2RL1,Compartments
F2RL2,Compartments
F2RL3,Compartments
F3,Compartments
FADD,Compartments
FAM115A,Compartments
FAM115C,Compartments
FAM123A,Compartments
FAM123B,Compartments
FAM125B,Compartments
FAM126A,Compartments
FAM21C,Compartments
FAM57A,Compartments
FAM73B,Compartments
FAP,Compartments
FAS,Compartments
FAT1,Compartments
FCAR,Compartments
FCER1A,Compartments
FCER1G,Compartments
FCGR2B,Compartments
FCGR3A,Compartments
FCGR3B,Compartments
FCRL6,Compartments
FERMT1,Compartments
FERMT2,Compartments
FES,Compartments
FFAR1,Compartments
FFAR2,Compartments
FFAR3,Compartments
FGFR1,Compartments
FGFR2,Compartments
FGFR3,Compartments
FGFR4,Compartments
FLOT1,Compartments
FLOT2,Compartments
FLRT3,Compartments
FLT3LG,Compartments
FLVCR2,Compartments
FOLR1,Compartments
FOLR2,Compartments
FPR2,Compartments
FPR3,Compartments
FRMPD2,Compartments
FRS2,Compartments
FSCN1,Compartments
FSD1,Compartments
FSHR,Compartments
FYN,Compartments
FZD5,Compartments
FZD9,Compartments
G3BP1,Compartments
GAB2,Compartments
GABBR1,Compartments
GABRA5,Compartments
GABRB1,Compartments
GABRB3,Compartments
GABRD,Compartments
GABRG1,Compartments
GABRG3,Compartments
GABRR2,Compartments
GALR1,Compartments
GALR2,Compartments
GALR3,Compartments
GAP43,Compartments
GAS1,Compartments
GCGR,Compartments
GCSAM,Compartments
GEM,Compartments
GFRA4,Compartments
GGT1,Compartments
GGT5,Compartments
GGT7,Compartments
GHR,Compartments
GHRHR,Compartments
GHSR,Compartments
GIPR,Compartments
GJA3,Compartments
GJA4,Compartments
GJA8,Compartments
GJB1,Compartments
GJB2,Compartments
GJB3,Compartments
GJB4,Compartments
GJB5,Compartments
GJB6,Compartments
GJC1,Compartments
GJC2,Compartments
GJD2,Compartments
GJD3,Compartments
GLP1R,Compartments
GLRA1,Compartments
GLRA2,Compartments
GNAI1,Compartments
GNAI2,Compartments
GNB1,Compartments
GNB1L,Compartments
GNB2L1,Compartments
GNGT2,Compartments
GNRHR,Compartments
GNRHR2,Compartments
GOT2,Compartments
GP1BA,Compartments
GP6,Compartments
GPBAR1,Compartments
GPER,Compartments
GPHN,Compartments
GPNMB,Compartments
GPR1,Compartments
GPR101,Compartments
GPR126,Compartments
GPR135,Compartments
GPR139,Compartments
GPR141,Compartments
GPR142,Compartments
GPR146,Compartments
GPR148,Compartments
GPR149,Compartments
GPR150,Compartments
GPR151,Compartments
GPR152,Compartments
GPR153,Compartments
GPR156,Compartments
GPR158,Compartments
GPR160,Compartments
GPR171,Compartments
GPR179,Compartments
GPR182,Compartments
GPR183,Compartments
GPR19,Compartments
GPR20,Compartments
GPR21,Compartments
GPR22,Compartments
GPR25,Compartments
GPR3,Compartments
GPR37L1,Compartments
GPR39,Compartments
GPR4,Compartments
GPR50,Compartments
GPR52,Compartments
GPR55,Compartments
GPR61,Compartments
GPR62,Compartments
GPR63,Compartments
GPR64,Compartments
GPR68,Compartments
GPR78,Compartments
GPR82,Compartments
GPR83,Compartments
GPR98,Compartments
GPRC5A,Compartments
GPRC5C,Compartments
GPRC5D,Compartments
GPSM1,Compartments
GRIK1,Compartments
GRIK2,Compartments
GRIK3,Compartments
GRIK4,Compartments
GRIN2A,Compartments
GRIN2C,Compartments
GRIN3A,Compartments
GRK5,Compartments
GRM4,Compartments
GRM6,Compartments
GRM7,Compartments
GRM8,Compartments
GSK3B,Compartments
GSN,Compartments
GUCA1B,Compartments
GYPB,Compartments
GZMB,Compartments
HAVCR2,Compartments
HBEGF,Compartments
HCAR1,Compartments
HCAR2,Compartments
HCAR3,Compartments
HCK,Compartments
HCN1,Compartments
HCN3,Compartments
HCRTR1,Compartments
HCST,Compartments
HEPH,Compartments
HLA-A,Compartments
HLA-B,Compartments
HLA-C,Compartments
HLA-DMA,Compartments
HLA-DMB,Compartments
HLA-DOA,Compartments
HLA-DOB,Compartments
HLA-DPA1,Compartments
HLA-DPB1,Compartments
HLA-DQA2,Compartments
HLA-DRA,Compartments
HLA-DRB1,Compartments
HLA-E,Compartments
HMGB1,Compartments
HMOX2,Compartments
HRAS,Compartments
HRG,Compartments
HRH2,Compartments
HRH3,Compartments
HRNR,Compartments
HSPA8,Compartments
HSPD1,Compartments
HTR1A,Compartments
HTR1D,Compartments
HTR2A,Compartments
HTR3A,Compartments
HTR4,Compartments
HTR5A,Compartments
HTR6,Compartments
HTR7,Compartments
HVCN1,Compartments
HYAL2,Compartments
ICAM4,Compartments
IFITM3,Compartments
IFITM5,Compartments
IFNAR2,Compartments
IFNGR2,Compartments
IGF1,Compartments
IGF2R,Compartments
IGFLR1,Compartments
IGSF3,Compartments
IHH,Compartments
IL10RB,Compartments
IL17RB,Compartments
IL1R2,Compartments
IL1RAP,Compartments
IL1RAPL1,Compartments
IL1RL1,Compartments
IL28RA,Compartments
IL29,Compartments
IL4R,Compartments
IL6R,Compartments
IL7R,Compartments
IL9R,Compartments
INSR,Compartments
INSRR,Compartments
ITCH,Compartments
ITFG3,Compartments
ITGA10,Compartments
ITGA11,Compartments
ITGA2,Compartments
ITGA3,Compartments
ITGA4,Compartments
ITGA5,Compartments
ITGA6,Compartments
ITGA8,Compartments
ITGAD,Compartments
ITGAL,Compartments
ITGAM,Compartments
ITGB1,Compartments
ITGB2,Compartments
ITGB4,Compartments
ITGB5,Compartments
ITGB8,Compartments
ITM2B,Compartments
ITM2C,Compartments
ITPR3,Compartments
ITSN1,Compartments
IVL,Compartments
IYD,Compartments
JAM2,Compartments
JUP,Compartments
KANK1,Compartments
KAZN,Compartments
KCNA1,Compartments
KCNA2,Compartments
KCNAB1,Compartments
KCNAB2,Compartments
KCNC3,Compartments
KCND2,Compartments
KCNE1,Compartments
KCNE2,Compartments
KCNE3,Compartments
KCNG3,Compartments
KCNG4,Compartments
KCNH5,Compartments
KCNIP1,Compartments
KCNIP4,Compartments
KCNJ12,Compartments
KCNJ4,Compartments
KCNJ6,Compartments
KCNK1,Compartments
KCNK18,Compartments
KCNMA1,Compartments
KCNMB2,Compartments
KCNMB3,Compartments
KCNQ1,Compartments
KCNQ2,Compartments
KCNQ3,Compartments
KCNQ5,Compartments
KCNS1,Compartments
KCNV2,Compartments
KCTD7,Compartments
KEL,Compartments
KIAA0319,Compartments
KIAA0528,Compartments
KIAA0922,Compartments
KIAA1199,Compartments
KIR2DL1,Compartments
KIR2DL2,Compartments
KIR2DL3,Compartments
KIR2DL4,Compartments
KIR3DL1,Compartments
KIR3DL2,Compartments
KIR3DL3,Compartments
KIRREL,Compartments
KISS1R,Compartments
KIT,Compartments
KITLG,Compartments
KLRF2,Compartments
KLRK1,Compartments
KRIT1,Compartments
KRT4,Compartments
LAMP1,Compartments
LAMP5,Compartments
LAPTM4B,Compartments
LCE1D,Compartments
LCK,Compartments
LCP2,Compartments
LDLR,Compartments
LDLRAP1,Compartments
LGR4,Compartments
LHCGR,Compartments
LILRA4,Compartments
LILRB1,Compartments
LILRB2,Compartments
LILRB3,Compartments
LIMA1,Compartments
LIMS1,Compartments
LIPE,Compartments
LIPH,Compartments
LIPI,Compartments
LITAF,Compartments
LMAN2,Compartments
LOR,Compartments
LPAR1,Compartments
LPAR2,Compartments
LPAR4,Compartments
LPAR5,Compartments
LPAR6,Compartments
LPHN3,Compartments
LPP,Compartments
LPXN,Compartments
LRP1,Compartments
LRP4,Compartments
LRPAP1,Compartments
LRRC16A,Compartments
LRRC16B,Compartments
LRRC38,Compartments
LRRC52,Compartments
LRRC55,Compartments
LRRC8B,Compartments
LRRC8D,Compartments
LRRC8E,Compartments
LSAMP,Compartments
LSP1,Compartments
LTB4R,Compartments
LTB4R2,Compartments
LTF,Compartments
LY6D,Compartments
LY9,Compartments
LYN,Compartments
LYPD3,Compartments
LYZL6,Compartments
MACF1,Compartments
MAEA,Compartments
MAG,Compartments
MAGI2,Compartments
MAGT1,Compartments
MAL,Compartments
MAPT,Compartments
MARK1,Compartments
MARK2,Compartments
MARK3,Compartments
MARVELD2,Compartments
MAS1L,Compartments
MASTL,Compartments
MC1R,Compartments
MC2R,Compartments
MC3R,Compartments
MC5R,Compartments
MCC,Compartments
MCF2L,Compartments
MCHR1,Compartments
MDGA1,Compartments
MELK,Compartments
MEN1,Compartments
MET,Compartments
MFAP3L,Compartments
MFI2,Compartments
MGAM,Compartments
MIEN1,Compartments
MLC1,Compartments
MLKL,Compartments
MLNR,Compartments
MME,Compartments
MMP14,Compartments
MMP16,Compartments
MMP17,Compartments
MMP25,Compartments
MOSPD2,Compartments
MPDZ,Compartments
MPZ,Compartments
MPZL1,Compartments
MR1,Compartments
MRC1,Compartments
MRGPRE,Compartments
MRGPRF,Compartments
MRGPRG,Compartments
MRGPRX1,Compartments
MRGPRX3,Compartments
MRGPRX4,Compartments
MS4A1,Compartments
MSLN,Compartments
MSN,Compartments
MST1R,Compartments
MST4,Compartments
MTNR1A,Compartments
MTSS1L,Compartments
MUC1,Compartments
MUC12,Compartments
MUC13,Compartments
MUC16,Compartments
MUC17,Compartments
MUC20,Compartments
MURC,Compartments
MYADM,Compartments
MYH9,Compartments
MYLK,Compartments
MYO1A,Compartments
MYO1C,Compartments
MYOF,Compartments
NAALADL1,Compartments
NCAM1,Compartments
NCAM2,Compartments
NCF1,Compartments
NCF4,Compartments
NCKAP1L,Compartments
NCR1,Compartments
NCSTN,Compartments
NDE1,Compartments
NDRG1,Compartments
NECAB2,Compartments
NEDD4,Compartments
NEU1,Compartments
NEU3,Compartments
NF2,Compartments
NFASC,Compartments
NGFR,Compartments
NHS,Compartments
NISCH,Compartments
NLGN2,Compartments
NLGN3,Compartments
NLRP10,Compartments
NME1,Compartments
NMUR1,Compartments
NOD1,Compartments
NOD2,Compartments
NOS3,Compartments
NOTCH4,Compartments
NOX1,Compartments
NOXA1,Compartments
NPBWR1,Compartments
NPFFR2,Compartments
NPHS1,Compartments
NPHS2,Compartments
NPR2,Compartments
NPSR1,Compartments
NPTN,Compartments
NPY1R,Compartments
NPY2R,Compartments
NPY5R,Compartments
NRCAM,Compartments
NRD1,Compartments
NRG1,Compartments
NRXN1,Compartments
NSF,Compartments
NTM,Compartments
NTRK1,Compartments
NTSR2,Compartments
NUMA1,Compartments
OGT,Compartments
OLFM4,Compartments
OLR1,Compartments
OMG,Compartments
OPRD1,Compartments
OPRL1,Compartments
OR10A2,Compartments
OR10A3,Compartments
OR10A4,Compartments
OR10A5,Compartments
OR10A6,Compartments
OR10A7,Compartments
OR10AD1,Compartments
OR10AG1,Compartments
OR10C1,Compartments
OR10G2,Compartments
OR10G3,Compartments
OR10G4,Compartments
OR10G7,Compartments
OR10G8,Compartments
OR10G9,Compartments
OR10H1,Compartments
OR10H2,Compartments
OR10H3,Compartments
OR10H4,Compartments
OR10H5,Compartments
OR10J1,Compartments
OR10J3,Compartments
OR10J5,Compartments
OR10K1,Compartments
OR10K2,Compartments
OR10P1,Compartments
OR10Q1,Compartments
OR10R2,Compartments
OR10S1,Compartments
OR10T2,Compartments
OR10V1,Compartments
OR10W1,Compartments
OR10X1,Compartments
OR10Z1,Compartments
OR11A1,Compartments
OR11G2,Compartments
OR11H12,Compartments
OR11H4,Compartments
OR11H6,Compartments
OR11L1,Compartments
OR12D2,Compartments
OR12D3,Compartments
OR13A1,Compartments
OR13C2,Compartments
OR13C3,Compartments
OR13C5,Compartments
OR13C8,Compartments
OR13D1,Compartments
OR13F1,Compartments
OR13G1,Compartments
OR13H1,Compartments
OR13J1,Compartments
OR14A16,Compartments
OR14A2,Compartments
OR14C36,Compartments
OR14I1,Compartments
OR14J1,Compartments
OR1A1,Compartments
OR1A2,Compartments
OR1B1,Compartments
OR1C1,Compartments
OR1D5,Compartments
OR1E1,Compartments
OR1E2,Compartments
OR1F1,Compartments
OR1G1,Compartments
OR1I1,Compartments
OR1J2,Compartments
OR1J4,Compartments
OR1L1,Compartments
OR1L3,Compartments
OR1L6,Compartments
OR1L8,Compartments
OR1M1,Compartments
OR1N1,Compartments
OR1N2,Compartments
OR1Q1,Compartments
OR1S1,Compartments
OR1S2,Compartments
OR2A1,Compartments
OR2A12,Compartments
OR2A14,Compartments
OR2A2,Compartments
OR2A25,Compartments
OR2A4,Compartments
OR2A42,Compartments
OR2A5,Compartments
OR2A7,Compartments
OR2AE1,Compartments
OR2AG1,Compartments
OR2AG2,Compartments
OR2AJ1,Compartments
OR2AK2,Compartments
OR2AP1,Compartments
OR2AT4,Compartments
OR2B11,Compartments
OR2B2,Compartments
OR2B3,Compartments
OR2B6,Compartments
OR2C1,Compartments
OR2C3,Compartments
OR2D2,Compartments
OR2D3,Compartments
OR2F1,Compartments
OR2F2,Compartments
OR2G2,Compartments
OR2G3,Compartments
OR2G6,Compartments
OR2H1,Compartments
OR2H2,Compartments
OR2J1,Compartments
OR2J2,Compartments
OR2J3,Compartments
OR2K2,Compartments
OR2L13,Compartments
OR2L2,Compartments
OR2L3,Compartments
OR2L5,Compartments
OR2L8,Compartments
OR2M2,Compartments
OR2M3,Compartments
OR2M4,Compartments
OR2M5,Compartments
OR2M7,Compartments
OR2S2,Compartments
OR2T1,Compartments
OR2T10,Compartments
OR2T11,Compartments
OR2T12,Compartments
OR2T2,Compartments
OR2T27,Compartments
OR2T29,Compartments
OR2T3,Compartments
OR2T33,Compartments
OR2T34,Compartments
OR2T35,Compartments
OR2T4,Compartments
OR2T5,Compartments
OR2T6,Compartments
OR2T8,Compartments
OR2V1,Compartments
OR2V2,Compartments
OR2W1,Compartments
OR2W3,Compartments
OR2Y1,Compartments
OR2Z1,Compartments
OR3A1,Compartments
OR3A2,Compartments
OR3A3,Compartments
OR4A15,Compartments
OR4A16,Compartments
OR4A5,Compartments
OR4B1,Compartments
OR4C11,Compartments
OR4C12,Compartments
OR4C13,Compartments
OR4C15,Compartments
OR4C16,Compartments
OR4C3,Compartments
OR4C46,Compartments
OR4C5,Compartments
OR4C6,Compartments
OR4D1,Compartments
OR4D10,Compartments
OR4D11,Compartments
OR4D2,Compartments
OR4D5,Compartments
OR4D6,Compartments
OR4D9,Compartments
OR4E2,Compartments
OR4F15,Compartments
OR4F16,Compartments
OR4F17,Compartments
OR4F21,Compartments
OR4F29,Compartments
OR4F3,Compartments
OR4F4,Compartments
OR4F5,Compartments
OR4F6,Compartments
OR4K13,Compartments
OR4K14,Compartments
OR4K15,Compartments
OR4K17,Compartments
OR4K2,Compartments
OR4K5,Compartments
OR4L1,Compartments
OR4M1,Compartments
OR4M2,Compartments
OR4N2,Compartments
OR4N4,Compartments
OR4N5,Compartments
OR4P4,Compartments
OR4Q3,Compartments
OR4S1,Compartments
OR4S2,Compartments
OR4X1,Compartments
OR4X2,Compartments
OR51A2,Compartments
OR51A4,Compartments
OR51A7,Compartments
OR51B2,Compartments
OR51B4,Compartments
OR51B5,Compartments
OR51B6,Compartments
OR51D1,Compartments
OR51E2,Compartments
OR51F1,Compartments
OR51F2,Compartments
OR51G1,Compartments
OR51G2,Compartments
OR51H1P,Compartments
OR51I1,Compartments
OR51I2,Compartments
OR51J1,Compartments
OR51L1,Compartments
OR51M1,Compartments
OR51Q1,Compartments
OR51S1,Compartments
OR51T1,Compartments
OR51V1,Compartments
OR52A1,Compartments
OR52A5,Compartments
OR52B2,Compartments
OR52B4,Compartments
OR52B6,Compartments
OR52D1,Compartments
OR52E2,Compartments
OR52E4,Compartments
OR52E6,Compartments
OR52E8,Compartments
OR52H1,Compartments
OR52I1,Compartments
OR52I2,Compartments
OR52J3,Compartments
OR52K1,Compartments
OR52K2,Compartments
OR52L1,Compartments
OR52M1,Compartments
OR52N1,Compartments
OR52N2,Compartments
OR52N4,Compartments
OR52N5,Compartments
OR52R1,Compartments
OR52W1,Compartments
OR56A1,Compartments
OR56A3,Compartments
OR56A4,Compartments
OR56B1,Compartments
OR56B4,Compartments
OR5A1,Compartments
OR5A2,Compartments
OR5AC2,Compartments
OR5AK2,Compartments
OR5AN1,Compartments
OR5AP2,Compartments
OR5AR1,Compartments
OR5AS1,Compartments
OR5AU1,Compartments
OR5B12,Compartments
OR5B17,Compartments
OR5B2,Compartments
OR5B21,Compartments
OR5B3,Compartments
OR5C1,Compartments
OR5D13,Compartments
OR5D14,Compartments
OR5D16,Compartments
OR5D18,Compartments
OR5H1,Compartments
OR5H14,Compartments
OR5H15,Compartments
OR5H2,Compartments
OR5H6,Compartments
OR5I1,Compartments
OR5J2,Compartments
OR5K1,Compartments
OR5K2,Compartments
OR5K3,Compartments
OR5K4,Compartments
OR5L1,Compartments
OR5L2,Compartments
OR5M1,Compartments
OR5M10,Compartments
OR5M11,Compartments
OR5M3,Compartments
OR5M8,Compartments
OR5P2,Compartments
OR5P3,Compartments
OR5R1,Compartments
OR5T1,Compartments
OR5T2,Compartments
OR5T3,Compartments
OR5V1,Compartments
OR5W2,Compartments
OR6A2,Compartments
OR6B1,Compartments
OR6B2,Compartments
OR6B3,Compartments
OR6C1,Compartments
OR6C2,Compartments
OR6C3,Compartments
OR6C4,Compartments
OR6C6,Compartments
OR6C65,Compartments
OR6C68,Compartments
OR6C70,Compartments
OR6C74,Compartments
OR6C75,Compartments
OR6C76,Compartments
OR6F1,Compartments
OR6J1,Compartments
OR6K2,Compartments
OR6K3,Compartments
OR6K6,Compartments
OR6M1,Compartments
OR6N1,Compartments
OR6N2,Compartments
OR6P1,Compartments
OR6Q1,Compartments
OR6S1,Compartments
OR6T1,Compartments
OR6V1,Compartments
OR6X1,Compartments
OR6Y1,Compartments
OR7A10,Compartments
OR7A17,Compartments
OR7A5,Compartments
OR7C1,Compartments
OR7C2,Compartments
OR7D2,Compartments
OR7D4,Compartments
OR7E24,Compartments
OR7G1,Compartments
OR7G2,Compartments
OR7G3,Compartments
OR8B12,Compartments
OR8B2,Compartments
OR8B3,Compartments
OR8B4,Compartments
OR8B8,Compartments
OR8D1,Compartments
OR8D2,Compartments
OR8D4,Compartments
OR8H1,Compartments
OR8H2,Compartments
OR8H3,Compartments
OR8I2,Compartments
OR8J1,Compartments
OR8J3,Compartments
OR8K3,Compartments
OR8K5,Compartments
OR8S1,Compartments
OR8U1,Compartments
OR9A2,Compartments
OR9A4,Compartments
OR9G1,Compartments
OR9G4,Compartments
OR9I1,Compartments
OR9K2,Compartments
OR9Q1,Compartments
OR9Q2,Compartments
ORAI1,Compartments
OSCP1,Compartments
OXER1,Compartments
OXGR1,Compartments
OXTR,Compartments
P2RX2,Compartments
P2RX7,Compartments
P2RY1,Compartments
P2RY10,Compartments
P2RY11,Compartments
P2RY12,Compartments
P2RY13,Compartments
P2RY14,Compartments
P2RY2,Compartments
P2RY4,Compartments
P2RY6,Compartments
P2RY8,Compartments
P4HB,Compartments
PALM,Compartments
PARM1,Compartments
PARVB,Compartments
PCDH12,Compartments
PCDH7,Compartments
PCDH8,Compartments
PCSK9,Compartments
PDCD10,Compartments
PDE2A,Compartments
PDE9A,Compartments
PDIA3,Compartments
PDPK1,Compartments
PDPN,Compartments
PDYN,Compartments
PDZD11,Compartments
PDZD3,Compartments
PFKM,Compartments
PGM5,Compartments
PHB,Compartments
PHB2,Compartments
PHF17,Compartments
PHLDA3,Compartments
PI4KA,Compartments
PICK1,Compartments
PIGR,Compartments
PIGY,Compartments
PILRB,Compartments
PIM1,Compartments
PIP5K1A,Compartments
PIP5K1C,Compartments
PJA2,Compartments
PKD2,Compartments
PKD2L1,Compartments
PKN1,Compartments
PKP2,Compartments
PKP3,Compartments
PKP4,Compartments
PLA2G3,Compartments
PLCD3,Compartments
PLCG1,Compartments
PLCG2,Compartments
PLCH2,Compartments
PLD1,Compartments
PLEC,Compartments
PLEK2,Compartments
PLEKHA1,Compartments
PLP1,Compartments
PLP2,Compartments
PLSCR1,Compartments
PLSCR3,Compartments
PLSCR4,Compartments
PLXDC1,Compartments
PLXNB1,Compartments
PLXNB2,Compartments
PMP22,Compartments
PNPLA2,Compartments
PODXL,Compartments
PPAPDC1B,Compartments
PPIL2,Compartments
PPP1CC,Compartments
PPP1R16B,Compartments
PPYR1,Compartments
PRF1,Compartments
PRKACA,Compartments
PRKAR1A,Compartments
PRKCA,Compartments
PRKCB,Compartments
PRKCD,Compartments
PRKCDBP,Compartments
PRKCE,Compartments
PRKCH,Compartments
PRKG1,Compartments
PRLHR,Compartments
PRLR,Compartments
PRMT8,Compartments
PRND,Compartments
PRNP,Compartments
PROCR,Compartments
PROKR1,Compartments
PROKR2,Compartments
PRSS8,Compartments
PRTN3,Compartments
PSCA,Compartments
PSD,Compartments
PSD4,Compartments
PSEN1,Compartments
PSENEN,Compartments
PSKH1,Compartments
PTCHD1,Compartments
PTGER1,Compartments
PTGER2,Compartments
PTGER3,Compartments
PTGER4,Compartments
PTGFRN,Compartments
PTGIR,Compartments
PTGIS,Compartments
PTH1R,Compartments
PTK2,Compartments
PTK2B,Compartments
PTOV1,Compartments
PTP4A2,Compartments
PTPN13,Compartments
PTPN2,Compartments
PTPN22,Compartments
PTPN3,Compartments
PTPN7,Compartments
PTPRC,Compartments
PTPRCAP,Compartments
PTPRJ,Compartments
PTPRK,Compartments
PTPRM,Compartments
PTPRS,Compartments
PTPRT,Compartments
PTPRU,Compartments
PTRF,Compartments
PVR,Compartments
PVRIG,Compartments
PXN,Compartments
QRFPR,Compartments
RAB11FIP2,Compartments
RAB11FIP4,Compartments
RAB13,Compartments
RAB22A,Compartments
RAB23,Compartments
RAB35,Compartments
RAC1,Compartments
RAC3,Compartments
RACGAP1,Compartments
RALA,Compartments
RAMP3,Compartments
RAP2A,Compartments
RAP2B,Compartments
RAP2C,Compartments
RAPGEF6,Compartments
RAPSN,Compartments
RASA3,Compartments
RASGRP1,Compartments
RASGRP2,Compartments
RASGRP3,Compartments
RASGRP4,Compartments
RC3H2,Compartments
RDX,Compartments
RECK,Compartments
RET,Compartments
RFFL,Compartments
RFTN1,Compartments
RGS1,Compartments
RGS2,Compartments
RHBDF2,Compartments
RHBDL2,Compartments
RHBG,Compartments
RHO,Compartments
RHOA,Compartments
RIC8B,Compartments
RIN1,Compartments
RIT1,Compartments
RLTPR,Compartments
RNF34,Compartments
RNF43,Compartments
ROBO1,Compartments
RP2,Compartments
RPS3,Compartments
RPSA,Compartments
RTN4R,Compartments
RTN4RL1,Compartments
RTN4RL2,Compartments
RXFP2,Compartments
RXFP3,Compartments
RXFP4,Compartments
RYR1,Compartments
S100A12,Compartments
S100A6,Compartments
S100A8,Compartments
S100A9,Compartments
S100P,Compartments
S1PR1,Compartments
S1PR2,Compartments
S1PR3,Compartments
S1PR4,Compartments
S1PR5,Compartments
SCAMP5,Compartments
SCEL,Compartments
SCIMP,Compartments
SCN4B,Compartments
SCN5A,Compartments
SCNN1A,Compartments
SCNN1B,Compartments
SCNN1G,Compartments
SCRIB,Compartments
SCTR,Compartments
SCUBE1,Compartments
SDC4,Compartments
SDCBP2,Compartments
SDPR,Compartments
SELPLG,Compartments
SEMA4D,Compartments
SEMA4G,Compartments
SEMA6A,Compartments
SEMA6B,Compartments
SEMA6C,Compartments
SEMA6D,Compartments
SEPHS1,Compartments
SEPT5,Compartments
SERINC5,Compartments
SERPINA5,Compartments
SFRP1,Compartments
SGCB,Compartments
SGCD,Compartments
SGCE,Compartments
SGK1,Compartments
SGMS2,Compartments
SH2B2,Compartments
SH3BP1,Compartments
SH3YL1,Compartments
SHB,Compartments
SHC1,Compartments
SHC4,Compartments
SHROOM4,Compartments
SIDT2,Compartments
SIGLEC1,Compartments
SIGLEC10,Compartments
SIGLEC6,Compartments
SKAP1,Compartments
SKAP2,Compartments
SLAMF6,Compartments
SLC11A1,Compartments
SLC11A2,Compartments
SLC12A3,Compartments
SLC13A5,Compartments
SLC14A1,Compartments
SLC16A11,Compartments
SLC16A3,Compartments
SLC16A5,Compartments
SLC16A6,Compartments
SLC16A8,Compartments
SLC17A3,Compartments
SLC19A2,Compartments
SLC1A4,Compartments
SLC1A5,Compartments
SLC22A1,Compartments
SLC22A11,Compartments
SLC22A12,Compartments
SLC22A13,Compartments
SLC22A17,Compartments
SLC22A18,Compartments
SLC22A6,Compartments
SLC22A8,Compartments
SLC23A1,Compartments
SLC23A2,Compartments
SLC25A13,Compartments
SLC26A11,Compartments
SLC26A6,Compartments
SLC26A8,Compartments
SLC26A9,Compartments
SLC28A1,Compartments
SLC28A3,Compartments
SLC29A2,Compartments
SLC2A4,Compartments
SLC2A5,Compartments
SLC30A5,Compartments
SLC31A1,Compartments
SLC34A1,Compartments
SLC34A2,Compartments
SLC35G1,Compartments
SLC35G2,Compartments
SLC39A1,Compartments
SLC39A14,Compartments
SLC39A2,Compartments
SLC39A4,Compartments
SLC3A2,Compartments
SLC41A1,Compartments
SLC41A3,Compartments
SLC44A4,Compartments
SLC46A1,Compartments
SLC4A10,Compartments
SLC4A4,Compartments
SLC50A1,Compartments
SLC51A,Compartments
SLC51B,Compartments
SLC52A2,Compartments
SLC52A3,Compartments
SLC6A1,Compartments
SLC6A5,Compartments
SLC6A6,Compartments
SLC7A3,Compartments
SLC7A8,Compartments
SLC7A9,Compartments
SLC8A3,Compartments
SLC9A3R2,Compartments
SLC9B2,Compartments
SLCO1A2,Compartments
SLCO2A1,Compartments
SLCO2B1,Compartments
SLCO3A1,Compartments
SLCO4A1,Compartments
SLCO6A1,Compartments
SLIT2,Compartments
SLITRK6,Compartments
SMO,Compartments
SMPD1,Compartments
SNAP23,Compartments
SNAP29,Compartments
SNCA,Compartments
SNF8,Compartments
SNTG1,Compartments
SNTG2,Compartments
SNX18,Compartments
SNX27,Compartments
SNX5,Compartments
SNX9,Compartments
SOCS6,Compartments
SOCS7,Compartments
SPAM1,Compartments
SPARC,Compartments
SPATA13,Compartments
SPHK1,Compartments
SPN,Compartments
SPRR1A,Compartments
SPRR1B,Compartments
SPTB,Compartments
SPTBN5,Compartments
SRC,Compartments
SRGAP2,Compartments
SSH1,Compartments
SSTR2,Compartments
SSTR5,Compartments
STAB1,Compartments
STAB2,Compartments
STAMBP,Compartments
STEAP2,Compartments
STIM1,Compartments
STK10,Compartments
STOM,Compartments
STOML2,Compartments
STRN3,Compartments
STX1A,Compartments
STX2,Compartments
STX3,Compartments
STX4,Compartments
STX7,Compartments
STXBP1,Compartments
STXBP2,Compartments
SULF2,Compartments
SUMO1,Compartments
SUSD2,Compartments
SUSD3,Compartments
SVIL,Compartments
SYK,Compartments
SYMPK,Compartments
SYNE1,Compartments
SYNE2,Compartments
SYTL1,Compartments
SYTL2,Compartments
TAAR2,Compartments
TACR1,Compartments
TACR2,Compartments
TACR3,Compartments
TARM1,Compartments
TAS1R1,Compartments
TAS1R2,Compartments
TAS1R3,Compartments
TAX1BP3,Compartments
TBC1D10A,Compartments
TBC1D10B,Compartments
TBC1D10C,Compartments
TBXA2R,Compartments
TCHP,Compartments
TDGF1,Compartments
TEC,Compartments
TEK,Compartments
TENM2,Compartments
TESC,Compartments
TF,Compartments
TFPI,Compartments
TFR2,Compartments
TFRC,Compartments
TGFA,Compartments
TGFBR1,Compartments
TGFBR2,Compartments
TGM1,Compartments
TGM3,Compartments
TGOLN2,Compartments
TIAM1,Compartments
TICAM2,Compartments
TIGIT,Compartments
TIRAP,Compartments
TLR1,Compartments
TLR4,Compartments
TM4SF1,Compartments
TM7SF3,Compartments
TMED10,Compartments
TMEM100,Compartments
TMEM102,Compartments
TMEM11,Compartments
TMEM119,Compartments
TMEM123,Compartments
TMEM150A,Compartments
TMEM150B,Compartments
TMEM150C,Compartments
TMEM198,Compartments
TMEM2,Compartments
TMEM206,Compartments
TMEM50B,Compartments
TMEM65,Compartments
TMEM67,Compartments
TMEM8A,Compartments
TMEM97,Compartments
TMIGD1,Compartments
TMPRSS11B,Compartments
TMPRSS2,Compartments
TMPRSS5,Compartments
TMPRSS6,Compartments
TMX3,Compartments
TNFRSF10A,Compartments
TNFRSF10C,Compartments
TNFRSF17,Compartments
TNFRSF18,Compartments
TNFRSF1B,Compartments
TNFRSF21,Compartments
TNFRSF25,Compartments
TNFSF11,Compartments
TNFSF12,Compartments
TNFSF13B,Compartments
TNFSF14,Compartments
TNFSF15,Compartments
TNIK,Compartments
TNK2,Compartments
TOLLIP,Compartments
TPO,Compartments
TRABD2A,Compartments
TRABD2B,Compartments
TRADD,Compartments
TRAF6,Compartments
TRAT1,Compartments
TREM2,Compartments
TREML1,Compartments
TREML2,Compartments
TRHR,Compartments
TRIP10,Compartments
TRPC3,Compartments
TRPC4,Compartments
TRPC6,Compartments
TRPM8,Compartments
TRPV2,Compartments
TRPV6,Compartments
TSHR,Compartments
TSPAN15,Compartments
TSPAN33,Compartments
TSPAN4,Compartments
TSPAN5,Compartments
TSPAN9,Compartments
TTC17,Compartments
TTC7B,Compartments
TULP1,Compartments
TUSC3,Compartments
UBQLN1,Compartments
ULBP1,Compartments
ULBP2,Compartments
ULBP3,Compartments
UMOD,Compartments
UNC93A,Compartments
USP6,Compartments
USP8,Compartments
UTRN,Compartments
UTS2R,Compartments
VAPA,Compartments
VASN,Compartments
VASP,Compartments
VCAM1,Compartments
VIPR1,Compartments
VN1R1,Compartments
VN1R2,Compartments
VN1R4,Compartments
VPS28,Compartments
VTCN1,Compartments
WWC1,Compartments
XCR1,Compartments
XG,Compartments
XKR8,Compartments
XPR1,Compartments
YES1,Compartments
ZC4H2,Compartments
ZDHHC20,Compartments
ZDHHC21,Compartments
ZDHHC5,Compartments
ZFYVE19,Compartments
ZNF804A,Compartments
ZNRF2,Compartments
ZNRF3,Compartments
AAK1,Compartments
ABCA1,Compartments
ABCA13,Compartments
ABCB8,Compartments
ABCC6,Compartments
ABCC8,Compartments
ABCG2,Compartments
ABHD12,Compartments
ABHD3,Compartments
ABRA,Compartments
ABTB1,Compartments
ADAM30,Compartments
ADCY6,Compartments
ADRA2B,Compartments
ADRBK2,Compartments
AFAP1L2,Compartments
AKAP5,Compartments
ANKRD11,Compartments
ANKRD20A1,Compartments
ANO2,Compartments
APBB1IP,Compartments
AQP6,Compartments
ARFGAP2,Compartments
ARHGEF1,Compartments
ARHGEF25,Compartments
ARID4A,Compartments
ASIC1,Compartments
ASIC2,Compartments
ASIC3,Compartments
ASIC4,Compartments
ASIC5,Compartments
ASPSCR1,Compartments
ASTL,Compartments
ATAD3B,Compartments
ATP13A4,Compartments
ATP13A5,Compartments
ATXN3,Compartments
B3GNT3,Compartments
BCORL1,Compartments
BMF,Compartments
BMP10,Compartments
BNC2,Compartments
BOC,Compartments
BRI3,Compartments
BTBD17,Compartments
BTLA,Compartments
BTNL2,Compartments
BTNL8,Compartments
BTNL9,Compartments
C11orf34,Compartments
C15orf27,Compartments
C16orf62,Compartments
C19orf26,Compartments
C19orf33,Compartments
C1orf192,Compartments
C7orf43,Compartments
C9orf117,Compartments
CA14,Compartments
CACNA2D2,Compartments
CACNA2D3,Compartments
CACNG2,Compartments
CACNG5,Compartments
CADM2,Compartments
CADM3,Compartments
CAMK2B,Compartments
CAPNS2,Compartments
CATSPER1,Compartments
CATSPER2,Compartments
CATSPER4,Compartments
CATSPERD,Compartments
CATSPERG,Compartments
CCDC70,Compartments
CCND3,Compartments
CCRL1,Compartments
CD163,Compartments
CD1C,Compartments
CD207,Compartments
CD300C,Compartments
CD300LB,Compartments
CD300LD,Compartments
CD300LF,Compartments
CDCA4,Compartments
CDH9,Compartments
CEACAM7,Compartments
CERCAM,Compartments
CLCA1,Compartments
CLEC12A,Compartments
CLEC12B,Compartments
CLEC1A,Compartments
CLEC1B,Compartments
CLEC2A,Compartments
CLEC2B,Compartments
CLEC4A,Compartments
CLEC4C,Compartments
CLEC4D,Compartments
CLEC4E,Compartments
CLEC4G,Compartments
CLEC5A,Compartments
CLEC6A,Compartments
CNGA4,Compartments
CNIH2,Compartments
CNR1,Compartments
CNR2,Compartments
CNTNAP4,Compartments
COL23A1,Compartments
CRHR2,Compartments
CRIPAK,Compartments
CRTAM,Compartments
CSF3R,Compartments
CSMD3,Compartments
CTGF,Compartments
CX3CR1,Compartments
CYP4F12,Compartments
D3,Compartments
DEGS1,Compartments
DGAT1,Compartments
DGKB,Compartments
DHRS3,Compartments
DIAPH1,Compartments
DIO1,Compartments
DIO2,Compartments
DIO3,Compartments
DLG2,Compartments
DLGAP1,Compartments
DLGAP3,Compartments
DLGAP4,Compartments
DLL4,Compartments
DNAL4,Compartments
DOC2B,Compartments
DOK3,Compartments
DOM3Z,Compartments
DRD2,Compartments
DRD4,Compartments
DROSHA,Compartments
DSCAM,Compartments
DSG4,Compartments
ECEL1,Compartments
EDA,Compartments
EMB,Compartments
EMR1,Compartments
ENSG00000266949,Compartments
ENTPD3,Compartments
EPB41L3,Compartments
EPGN,Compartments
EPHA6,Compartments
EPHA7,Compartments
EPHA8,Compartments
EPHB2,Compartments
EPN1,Compartments
ERC2,Compartments
ERRFI1,Compartments
EVA1A,Compartments
FAM84B,Compartments
FARP1,Compartments
FCAMR,Compartments
FCGR1A,Compartments
FCGR1B,Compartments
FILIP1,Compartments
FXYD1,Compartments
FXYD4,Compartments
FZD10,Compartments
FZD3,Compartments
FZD6,Compartments
GABRA1,Compartments
GABRG2,Compartments
GABRR3,Compartments
GAL3ST1,Compartments
GCC1,Compartments
GFRA2,Compartments
GJA10,Compartments
GMIP,Compartments
GML,Compartments
GNG11,Compartments
GNG13,Compartments
GNG3,Compartments
GNG8,Compartments
GNGT1,Compartments
GPC2,Compartments
GPC5,Compartments
GPIHBP1,Compartments
GPM6B,Compartments
GPR12,Compartments
GPR132,Compartments
GPR137B,Compartments
GPR157,Compartments
GPR176,Compartments
GPR31,Compartments
GPR34,Compartments
GPR42,Compartments
GPR75,Compartments
GPR88,Compartments
GPR97,Compartments
GPRC6A,Compartments
GRIN3B,Compartments
GRK1,Compartments
GRM2,Compartments
GRM3,Compartments
GRPR,Compartments
HARBI1,Compartments
HAS1,Compartments
HAS2,Compartments
HCLS1,Compartments
HDLBP,Compartments
HHIP,Compartments
HIF3A,Compartments
HN1L,Compartments
HRH1,Compartments
HS3ST3B1,Compartments
HSD17B10,Compartments
HTR1E,Compartments
HTR1F,Compartments
HTR3C,Compartments
HTR3D,Compartments
HTR3E,Compartments
ICOS,Compartments
IFI6,Compartments
IFITM2,Compartments
IFNGR1,Compartments
IL17RA,Compartments
IL17RC,Compartments
IL17RE,Compartments
IL1R1,Compartments
IRAK4,Compartments
IRS1,Compartments
ISLR2,Compartments
IZUMO1,Compartments
KCNA4,Compartments
KCNA7,Compartments
KCNAB3,Compartments
KCNB2,Compartments
KCNC2,Compartments
KCND1,Compartments
KCND3,Compartments
KCNIP3,Compartments
KCNJ1,Compartments
KCNJ10,Compartments
KCNJ5,Compartments
KCNK10,Compartments
KCNK2,Compartments
KCNK3,Compartments
KCNK5,Compartments
KCNK7,Compartments
KCNK9,Compartments
KCNS2,Compartments
KCNS3,Compartments
KCNU1,Compartments
KCNV1,Compartments
KIAA1524,Compartments
KIRREL3,Compartments
KLRB1,Compartments
KREMEN2,Compartments
LAPTM5,Compartments
LAT,Compartments
LGALS4,Compartments
LHFPL2,Compartments
LIN7B,Compartments
LINGO1,Compartments
LPHN1,Compartments
LRFN1,Compartments
LRFN2,Compartments
LRFN3,Compartments
LRFN4,Compartments
LRP5,Compartments
LRRC4B,Compartments
LRTOMT,Compartments
LTB,Compartments
LY6E,Compartments
LY6G6F,Compartments
LY6H,Compartments
LY6K,Compartments
LYPD1,Compartments
LYPD4,Compartments
LYPD6B,Compartments
MAGEE1,Compartments
MAP1B,Compartments
MAP2,Compartments
MAP3K12,Compartments
MAPK10,Compartments
MARCO,Compartments
MBL2,Compartments
MC4R,Compartments
MCOLN3,Compartments
MDGA2,Compartments
METAP2,Compartments
MFSD2A,Compartments
MICALL2,Compartments
MMP15,Compartments
MOG,Compartments
MPP3,Compartments
MRAP,Compartments
MUCL1,Compartments
MYD88,Compartments
MYO10,Compartments
NBEA,Compartments
NCMAP,Compartments
NCOA1,Compartments
NCR2,Compartments
NCR3,Compartments
NCR3LG1,Compartments
NDP,Compartments
NDRG4,Compartments
NFAM1,Compartments
NIPA1,Compartments
NKD2,Compartments
NKG7,Compartments
NLGN1,Compartments
NLGN4Y,Compartments
NLRX1,Compartments
NMRK2,Compartments
NOS1,Compartments
NOSTRIN,Compartments
NOXO1,Compartments
NRN1,Compartments
NRN1L,Compartments
NRSN2,Compartments
NRXN3,Compartments
NSFL1C,Compartments
NTN4,Compartments
NTNG2,Compartments
NUP35,Compartments
OBSCN,Compartments
OPRM1,Compartments
OR1D2,Compartments
OSBPL6,Compartments
OSBPL7,Compartments
OTOA,Compartments
PACSIN1,Compartments
PAG1,Compartments
PAK3,Compartments
PAQR8,Compartments
PARD6G,Compartments
PCDH1,Compartments
PCDHA1,Compartments
PCDHA10,Compartments
PCDHA11,Compartments
PCDHA2,Compartments
PCDHA3,Compartments
PCDHA4,Compartments
PCDHA5,Compartments
PCDHA6,Compartments
PCDHA7,Compartments
PCDHA8,Compartments
PCDHAC2,Compartments
PCDHB12,Compartments
PCDHB15,Compartments
PDE4D,Compartments
PDE6G,Compartments
PERP,Compartments
PHEX,Compartments
PIANP,Compartments
PIK3AP1,Compartments
PLB1,Compartments
PLCD4,Compartments
PLEKHG6,Compartments
PLXNA2,Compartments
PLXNA4,Compartments
PLXNB3,Compartments
PODXL2,Compartments
PON2,Compartments
PPAPDC1A,Compartments
PPAPDC2,Compartments
PRRG1,Compartments
PRRT2,Compartments
PRSS21,Compartments
PSD3,Compartments
PTGDR2,Compartments
PTPRH,Compartments
PTPRZ1,Compartments
RAB24,Compartments
RAB44,Compartments
RABGGTA,Compartments
RABGGTB,Compartments
RAPGEF4,Compartments
RAPH1,Compartments
RASD2,Compartments
RASSF3,Compartments
RCCD1,Compartments
RDH8,Compartments
RELL1,Compartments
RHOBTB1,Compartments
RHOBTB2,Compartments
RHOD,Compartments
RHOU,Compartments
RHOV,Compartments
RIC8A,Compartments
RILPL1,Compartments
RIMS1,Compartments
RIT2,Compartments
RNF114,Compartments
ROCK1,Compartments
ROR2,Compartments
RPL36AL,Compartments
RRH,Compartments
RTP1,Compartments
RTP2,Compartments
SCARA5,Compartments
SCN1A,Compartments
SCN1B,Compartments
SCN4A,Compartments
SCN8A,Compartments
SCN9A,Compartments
SDK2,Compartments
SELE,Compartments
SEMA4A,Compartments
SGCG,Compartments
SGCZ,Compartments
SH3D19,Compartments
SHISA9,Compartments
SIGLEC14,Compartments
SLC16A10,Compartments
SLC17A4,Compartments
SLC18A3,Compartments
SLC1A6,Compartments
SLC22A7,Compartments
SLC24A4,Compartments
SLC25A14,Compartments
SLC26A3,Compartments
SLC29A4,Compartments
SLC2A11,Compartments
SLC36A4,Compartments
SLC38A5,Compartments
SLC38A6,Compartments
SLC39A11,Compartments
SLC43A2,Compartments
SLC45A3,Compartments
SLC47A2,Compartments
SLC4A11,Compartments
SLC4A1AP,Compartments
SLC4A8,Compartments
SLC5A11,Compartments
SLC6A18,Compartments
SLC6A2,Compartments
SLC6A20,Compartments
SLC7A2,Compartments
SLC7A6,Compartments
SLC8A1,Compartments
SLC8A2,Compartments
SLC9B1,Compartments
SLCO1C1,Compartments
SLITRK1,Compartments
SLITRK3,Compartments
SLITRK4,Compartments
SLMAP,Compartments
SMAGP,Compartments
SMPD3,Compartments
SOS1,Compartments
SPACA4,Compartments
SPRED1,Compartments
SPRN,Compartments
SPRR2G,Compartments
SPRY2,Compartments
SSFA2,Compartments
SSPN,Compartments
SSTR3,Compartments
ST3GAL5,Compartments
ST6GALNAC6,Compartments
STAP2,Compartments
STAT2,Compartments
STBD1,Compartments
STOML3,Compartments
STRA6,Compartments
STYK1,Compartments
SUCLG2,Compartments
SV2A,Compartments
SV2B,Compartments
SV2C,Compartments
SYNDIG1,Compartments
SYT6,Compartments
TAB2,Compartments
TACC2,Compartments
TAS2R16,Compartments
TAS2R4,Compartments
TAS2R46,Compartments
TCTN2,Compartments
TENM1,Compartments
TGM5,Compartments
TLR5,Compartments
TLR8,Compartments
TMEM17,Compartments
TMEM179B,Compartments
TMEM184A,Compartments
TMEM231,Compartments
TMEM240,Compartments
TMEM88,Compartments
TMEM8B,Compartments
TMEM8C,Compartments
TMPRSS11E,Compartments
TMPRSS7,Compartments
TNFRSF11A,Compartments
TNFRSF13C,Compartments
TNFRSF14,Compartments
TNFSF18,Compartments
TPSG1,Compartments
TRAK2,Compartments
TRDN,Compartments
TREM1,Compartments
TREML4,Compartments
TRIB3,Compartments
TRIM16L,Compartments
TRIM72,Compartments
TRO,Compartments
TRPC7,Compartments
TRPM1,Compartments
TRPM3,Compartments
TRPM5,Compartments
TRPM6,Compartments
TRPM7,Compartments
TSPAN12,Compartments
TSPEAR,Compartments
TTF1,Compartments
UGT8,Compartments
UNC5A,Compartments
UNC80,Compartments
USP21,Compartments
VANGL2,Compartments
VAV1,Compartments
VNN2,Compartments
VNN3,Compartments
VSIG2,Compartments
WDR13,Compartments
WLS,Compartments
XK,Compartments
YIPF4,Compartments
ZACN,Compartments
ZBTB33,Compartments
ZMAT3,Compartments
ZP2,Compartments
ABCG4,Compartments
ADTRP,Compartments
ANKRD13D,Compartments
AQPEP,Compartments
ARMC7,Compartments
ATP8B3,Compartments
BSPH1,Compartments
C10orf54,Compartments
C11orf24,Compartments
C14orf180,Compartments
C15orf62,Compartments
C1orf210,Compartments
C2CD4A,Compartments
C2CD4B,Compartments
C2CD4C,Compartments
C2CD4D,Compartments
C2orf88,Compartments
C5orf50,Compartments
CAMK1G,Compartments
CAMK2N1,Compartments
CAMKV,Compartments
CAP2,Compartments
CBLN1,Compartments
CCDC108,Compartments
CD163L1,Compartments
CD200R1L,Compartments
CDH26,Compartments
CDHR4,Compartments
CDK5R2,Compartments
CHIC1,Compartments
CLDN24,Compartments
CLDN25,Compartments
CLECL1,Compartments
CNNM1,Compartments
CNTN6,Compartments
CPAMD8,Compartments
CRLF2,Compartments
CSMD2,Compartments
CXorf68,Compartments
CXXC11,Compartments
DEFB112,Compartments
DEFB115,Compartments
DEFB116,Compartments
DEFB119,Compartments
DEFB123,Compartments
DEFB125,Compartments
DEFB126,Compartments
DEFB127,Compartments
DEFB128,Compartments
DEFB129,Compartments
DEFB133,Compartments
DEFB134,Compartments
DEFB135,Compartments
DOK7,Compartments
DRP2,Compartments
DYTN,Compartments
EFNA2,Compartments
ELSPBP1,Compartments
ENSG00000228325,Compartments
ENSG00000234469,Compartments
ENSG00000261667,Compartments
ERAS,Compartments
ERVFRD-1,Compartments
ERVW-1,Compartments
FAM123C,Compartments
FAM155A,Compartments
FAM26D,Compartments
FAM26F,Compartments
FBXO45,Compartments
FCGRT,Compartments
FCRL1,Compartments
FCRL3,Compartments
FMN1,Compartments
FRMD6,Compartments
FRRS1L,Compartments
GAPT,Compartments
GLDN,Compartments
GLIPR1L1,Compartments
GLRA4,Compartments
GPR162,Compartments
GPR173,Compartments
GPR27,Compartments
GPRIN1,Compartments
GRASP,Compartments
GRID2IP,Compartments
GSDMB,Compartments
HMCN2,Compartments
IFITM10,Compartments
IGDCC4,Compartments
IGSF5,Compartments
IGSF9,Compartments
IGSF9B,Compartments
IL17REL,Compartments
IL20RA,Compartments
IL20RB,Compartments
ILDR1,Compartments
IPCEF1,Compartments
IRS2,Compartments
ITM2A,Compartments
IZUMO3,Compartments
KCNK12,Compartments
KCNT2,Compartments
KCTD16,Compartments
KCTD8,Compartments
KIAA1919,Compartments
KSR2,Compartments
LANCL3,Compartments
LCE1B,Compartments
LCE1C,Compartments
LCE1E,Compartments
LCE1F,Compartments
LCE2A,Compartments
LCE2B,Compartments
LCE2C,Compartments
LCE2D,Compartments
LCE3A,Compartments
LCE3B,Compartments
LCE3C,Compartments
LCE3E,Compartments
LCE4A,Compartments
LCE5A,Compartments
LDLRAD3,Compartments
LELP1,Compartments
LPPR3,Compartments
LRCH2,Compartments
LRIG2,Compartments
LRP11,Compartments
LRRC27,Compartments
LRRC4,Compartments
LRRC70,Compartments
LRRD1,Compartments
LRRIQ4,Compartments
LRRTM3,Compartments
LRRTM4,Compartments
LYNX1,Compartments
LYPD6,Compartments
MARVELD1,Compartments
MAST2,Compartments
MEGF11,Compartments
MFSD3,Compartments
MSLNL,Compartments
NIPA2,Compartments
NKAIN1,Compartments
NKAIN2,Compartments
NKAIN3,Compartments
NLRP6,Compartments
OR10D3,Compartments
OR51E1,Compartments
OTOG,Compartments
PALM2,Compartments
PALM3,Compartments
PAQR5,Compartments
PAQR6,Compartments
PAQR7,Compartments
PAQR9,Compartments
PCDH11Y,Compartments
PCDH17,Compartments
PCDH18,Compartments
PCDH19,Compartments
PCDH20,Compartments
PCDH9,Compartments
PCDHA12,Compartments
PCDHA13,Compartments
PCDHA9,Compartments
PCDHB1,Compartments
PCDHB7,Compartments
PCDHB8,Compartments
PCDHGA1,Compartments
PCDHGA10,Compartments
PCDHGA11,Compartments
PCDHGA2,Compartments
PCDHGA4,Compartments
PCDHGA5,Compartments
PCDHGA6,Compartments
PCDHGA7,Compartments
PCDHGA8,Compartments
PCDHGA9,Compartments
PCDHGB1,Compartments
PCDHGB2,Compartments
PCDHGB3,Compartments
PCDHGB6,Compartments
PCDHGB7,Compartments
PCDHGC4,Compartments
PIEZO2,Compartments
PLEKHN1,Compartments
PLSCR2,Compartments
PLSCR5,Compartments
POTED,Compartments
PPP1R16A,Compartments
PRAME,Compartments
PRIMA1,Compartments
PRR12,Compartments
PRR7,Compartments
PRR9,Compartments
PRRT1,Compartments
PRSS22,Compartments
PTP4A3,Compartments
PVRL3,Compartments
RAB40A,Compartments
RAB40C,Compartments
RALGPS2,Compartments
RASA4B,Compartments
RASD1,Compartments
RASL10A,Compartments
RELL2,Compartments
RFTN2,Compartments
RGMB,Compartments
RGS13,Compartments
RGS17,Compartments
RGS18,Compartments
RGS21,Compartments
RGS22,Compartments
RGS7BP,Compartments
RGSL1,Compartments
RRAD,Compartments
RXFP1,Compartments
SCN7A,Compartments
SEZ6,Compartments
SEZ6L2,Compartments
SHISA6,Compartments
SHISA7,Compartments
SHISA8,Compartments
SLA,Compartments
SLC16A14,Compartments
SLC16A9,Compartments
SLC22A10,Compartments
SLC22A24,Compartments
SLC22A25,Compartments
SLC26A10,Compartments
SLC26A5,Compartments
SLC39A10,Compartments
SLC7A13,Compartments
SLC9A4,Compartments
SLC9C1,Compartments
SLCO1B7,Compartments
SNAP47,Compartments
STEAP1B,Compartments
STK32A,Compartments
STX11,Compartments
STX19,Compartments
SYT12,Compartments
SYT14,Compartments
SYT15,Compartments
SYT16,Compartments
SYT17,Compartments
SYT5,Compartments
SYT8,Compartments
SYTL3,Compartments
SYTL5,Compartments
TAOK3,Compartments
TBC1D3B,Compartments
TBC1D3C,Compartments
TBC1D3G,Compartments
TBC1D3H,Compartments
TC2N,Compartments
TLCD1,Compartments
TMEFF1,Compartments
TMEM25,Compartments
TMEM30B,Compartments
TMIGD2,Compartments
TSKU,Compartments
TSPAN18,Compartments
TSPAN19,Compartments
TSPAN32,Compartments
TTC7A,Compartments
UNC5B,Compartments
UNC5C,Compartments
UNC5D,Compartments
USH1G,Compartments
VEPH1,Compartments
VSTM2B,Compartments
VSTM4,Compartments
WDR73,Compartments
XKR3,Compartments
XKRX,Compartments
ZMYND19,Compartments
ABCB6,Protein Atlas
ABCG2,Protein Atlas
ACTN1,Protein Atlas
ADD1,Protein Atlas
AHNAK2,Protein Atlas
ANXA1,Protein Atlas
APBB1,Protein Atlas
APBB1IP,Protein Atlas
ARHGEF1,Protein Atlas
ATIC,Protein Atlas
B2M,Protein Atlas
BAG3,Protein Atlas
BAIAP2,Protein Atlas
BAIAP2L1,Protein Atlas
BASP1,Protein Atlas
CA9,Protein Atlas
CALD1,Protein Atlas
CCBE1,Protein Atlas
CCDC107,Protein Atlas
CCDC124,Protein Atlas
CCDC24,Protein Atlas
CD2AP,Protein Atlas
CD44,Protein Atlas
CDAN1,Protein Atlas
CDC42EP4,Protein Atlas
CDH4,Protein Atlas
CDV3,Protein Atlas
CEP162,Protein Atlas
CFAP157,Protein Atlas
CORO1B,Protein Atlas
CRYAB,Protein Atlas
CTNNA1,Protein Atlas
CTNNB1,Protein Atlas
CTNND1,Protein Atlas
CXADR,Protein Atlas
DNAJB4,Protein Atlas
DSC3,Protein Atlas
EEF2,Protein Atlas
EGFR,Protein Atlas
ENAH,Protein Atlas
ENO1,Protein Atlas
ENO3,Protein Atlas
EPB41L2,Protein Atlas
EPB41L3,Protein Atlas
EZR,Protein Atlas
FASN,Protein Atlas
FLNA,Protein Atlas
FYN,Protein Atlas
GAP43,Protein Atlas
GAPDH,Protein Atlas
GCC1,Protein Atlas
GPRC5A,Protein Atlas
GRPR,Protein Atlas
HARBI1,Protein Atlas
HIP1R,Protein Atlas
HN1L,Protein Atlas
HSPB1,Protein Atlas
JUP,Protein Atlas
LAX1,Protein Atlas
LIMA1,Protein Atlas
MAP2K1,Protein Atlas
MCAM,Protein Atlas
MISP,Protein Atlas
MLLT4,Protein Atlas
MSN,Protein Atlas
MUC1,Protein Atlas
MYO1B,Protein Atlas
MYO1C,Protein Atlas
NAP1L2,Protein Atlas
NCAM1,Protein Atlas
NCK1,Protein Atlas
NCKIPSD,Protein Atlas
NCOA1,Protein Atlas
NCS1,Protein Atlas
NF2,Protein Atlas
NSFL1C,Protein Atlas
PAK1,Protein Atlas
PALM,Protein Atlas
PANX1,Protein Atlas
PAWR,Protein Atlas
PCDH7,Protein Atlas
PDAP1,Protein Atlas
PHGDH,Protein Atlas
PKP4,Protein Atlas
PLEKHG6,Protein Atlas
POLE,Protein Atlas
PPP6R3,Protein Atlas
PRKCA,Protein Atlas
PTK2B,Protein Atlas
RAB23,Protein Atlas
RCCD1,Protein Atlas
RDX,Protein Atlas
RGP1,Protein Atlas
RIPK1,Protein Atlas
S100A16,Protein Atlas
S100A4,Protein Atlas
SCRIB,Protein Atlas
SLC16A1,Protein Atlas
SLC1A5,Protein Atlas
SLC2A1,Protein Atlas
SLC2A12,Protein Atlas
SNX9,Protein Atlas
SPG20,Protein Atlas
SRC,Protein Atlas
STX4,Protein Atlas
TJP2,Protein Atlas
TMEM63B,Protein Atlas
UBAP1,Protein Atlas
UBE2C,Protein Atlas
UBQLN2,Protein Atlas
XPC,Protein Atlas
XRCC6BP1,Protein Atlas
ZBTB33,Protein Atlas
CNNM4,Protein Atlas
